pedido_id,produto_id
1000,P002
1001,P016
1001,P015
1001,P009
1002,P044
1003,P006
1003,P038
1003,P028
1003,P003
1003,P002
1004,P014
1005,P033
1005,P039
1006,P036
1007,P046
1007,P042
1008,P027
1008,P015
1008,P029
1008,P038
1008,P018
1009,P049
1010,P045
1010,P028
1011,P018
1011,P010
1011,P014
1012,P007
1012,P006
1012,P025
1013,P023
1014,P039
1014,P017
1014,P003
1015,P035
1015,P008
1015,P025
1015,P006
1016,P019
1016,P041
1016,P040
1016,P024
1016,P037
1017,P046
1017,P005
1018,P043
1019,P050
1019,P019
1020,P015
1021,P025
1022,P030
1022,P041
1022,P024
1023,P024
1023,P023
1024,P043
1024,P018
1025,P039
1026,P035
1026,P047
1027,P011
1027,P030
1028,P018
1028,P041
1028,P045
1028,P036
1029,P044
1029,P021
1030,P015
1031,P021
1032,P018
1032,P005
1032,P014
1032,P037
1033,P014
1033,P042
1033,P032
1034,P042
1034,P030
1034,P010
1034,P017
1035,P016
1035,P048
1036,P035
1036,P017
1036,P048
1036,P038
1036,P028
1037,P026
1037,P024
1037,P015
1037,P009
1037,P033
1038,P006
1038,P049
1038,P004
1038,P008
1039,P041
1039,P011
1040,P039
1040,P005
1040,P025
1040,P030
1041,P017
1041,P036
1041,P001
1041,P044
1041,P047
1042,P044
1043,P049
1043,P018
1043,P050
1043,P042
1043,P022
1044,P019
1045,P011
1045,P030
1045,P001
1045,P047
1046,P033
1046,P049
1046,P012
1047,P007
1047,P041
1047,P020
1047,P033
1047,P039
1048,P010
1048,P024
1049,P035
1049,P050
1050,P001
1050,P039
1050,P021
1050,P032
1050,P002
1051,P024
1052,P016
1052,P004
1052,P037
1053,P006
1054,P005
1054,P049
1054,P035
1054,P050
1055,P009
1055,P043
1056,P036
1056,P011
1056,P017
1056,P034
1057,P028
1057,P014
1057,P035
1057,P049
1057,P047
1058,P046
1058,P020
1059,P043
1059,P042
1059,P024
1059,P029
1060,P029
1060,P008
1060,P016
1060,P015
1060,P005
1061,P002
1061,P038
1061,P036
1062,P038
1062,P015
1063,P005
1064,P015
1065,P003
1066,P005
1066,P033
1066,P016
1067,P043
1067,P032
1067,P014
1068,P009
1068,P047
1068,P037
1068,P031
1068,P016
1069,P027
1069,P013
1069,P007
1069,P043
1070,P023
1070,P028
1070,P027
1070,P030
1071,P044
1072,P004
1073,P047
1073,P022
1073,P007
1073,P016
1074,P013
1074,P035
1075,P009
1075,P028
1075,P012
1075,P018
1076,P016
1076,P005
1076,P029
1076,P036
1077,P004
1078,P001
1078,P006
1078,P049
1078,P016
1078,P011
1079,P032
1079,P031
1079,P014
1079,P026
1080,P011
1081,P001
1081,P025
1081,P017
1081,P030
1082,P028
1082,P045
1082,P047
1083,P043
1083,P046
1083,P032
1083,P010
1083,P013
1084,P014
1084,P004
1084,P038
1085,P004
1085,P048
1085,P021
1085,P038
1085,P031
1086,P034
1086,P011
1086,P004
1086,P033
1086,P006
1087,P005
1087,P039
1088,P044
1089,P026
1089,P008
1090,P016
1090,P038
1090,P039
1090,P003
1090,P040
1091,P027
1092,P037
1092,P034
1092,P021
1092,P017
1092,P014
1093,P016
1093,P017
1093,P026
1094,P043
1094,P042
1095,P030
1095,P021
1095,P049
1096,P001
1097,P040
1097,P037
1097,P007
1097,P005
1098,P014
1098,P033
1098,P017
1098,P009
1098,P023
1099,P016
1100,P019
1100,P011
1100,P029
1101,P046
1101,P020
1101,P040
1101,P042
1101,P034
1102,P043
1103,P020
1103,P043
1103,P007
1103,P009
1103,P017
1104,P007
1105,P010
1105,P018
1105,P019
1105,P039
1105,P014
1106,P014
1106,P044
1106,P041
1107,P033
1107,P032
1107,P017
1108,P006
1109,P018
1109,P003
1109,P001
1109,P022
1110,P041
1110,P017
1111,P048
1111,P029
1112,P046
1112,P028
1112,P036
1112,P001
1112,P008
1113,P045
1114,P035
1114,P003
1115,P038
1115,P036
1115,P010
1116,P009
1116,P003
1116,P020
1116,P024
1117,P023
1118,P044
1118,P016
1119,P023
1120,P027
1120,P040
1120,P048
1120,P010
1120,P016
1121,P012
1121,P027
1122,P012
1123,P027
1123,P043
1123,P048
1124,P018
1124,P011
1125,P025
1126,P031
1127,P013
1127,P030
1128,P020
1128,P015
1128,P002
1129,P026
1129,P022
1130,P005
1130,P050
1130,P018
1131,P042
1131,P033
1131,P026
1132,P022
1132,P002
1132,P008
1132,P017
1132,P012
1133,P017
1133,P003
1133,P007
1133,P039
1133,P028
1134,P047
1134,P021
1134,P028
1135,P033
1135,P008
1135,P025
1135,P037
1135,P013
1136,P003
1136,P046
1136,P028
1137,P034
1138,P044
1138,P047
1138,P048
1138,P043
1138,P013
1139,P028
1139,P005
1139,P043
1140,P040
1140,P021
1140,P043
1141,P047
1142,P033
1142,P020
1142,P043
1143,P021
1143,P026
1143,P045
1143,P019
1144,P009
1144,P013
1144,P027
1144,P043
1144,P025
1145,P040
1145,P037
1146,P026
1146,P036
1146,P001
1147,P019
1147,P014
1147,P028
1148,P039
1148,P042
1148,P021
1148,P030
1148,P029
1149,P044
1149,P014
1149,P033
1149,P031
1150,P043
1150,P006
1151,P033
1151,P043
1151,P041
1152,P022
1152,P006
1152,P049
1152,P016
1152,P044
1153,P015
1153,P013
1153,P010
1154,P003
1155,P031
1155,P040
1156,P030
1157,P041
1157,P037
1157,P013
1157,P046
1158,P032
1158,P026
1158,P016
1158,P010
1159,P049
1160,P050
1161,P015
1161,P012
1161,P045
1161,P034
1162,P004
1162,P036
1162,P016
1162,P008
1163,P009
1163,P030
1163,P043
1163,P034
1164,P039
1164,P021
1164,P049
1164,P029
1164,P040
1165,P028
1165,P036
1165,P029
1165,P011
1165,P048
1166,P029
1166,P017
1166,P049
1166,P016
1167,P050
1167,P034
1167,P032
1168,P018
1168,P029
1169,P046
1170,P016
1170,P018
1170,P022
1171,P035
1171,P006
1171,P009
1172,P015
1172,P025
1173,P046
1173,P014
1174,P027
1175,P022
1175,P035
1175,P030
1175,P027
1176,P014
1177,P025
1177,P050
1177,P038
1177,P045
1178,P049
1179,P025
1179,P031
1179,P001
1179,P023
1179,P020
1180,P027
1180,P035
1180,P048
1180,P039
1181,P032
1181,P015
1182,P028
1182,P032
1182,P002
1183,P022
1183,P043
1183,P044
1183,P026
1184,P030
1184,P009
1185,P035
1185,P002
1185,P026
1185,P038
1185,P037
1186,P006
1187,P009
1187,P030
1187,P012
1187,P004
1188,P025
1188,P021
1188,P014
1189,P021
1189,P022
1189,P049
1189,P025
1190,P049
1190,P027
1190,P017
1191,P031
1192,P048
1193,P004
1193,P023
1193,P015
1193,P042
1193,P005
1194,P049
1195,P016
1196,P002
1196,P040
1197,P016
1197,P009
1198,P043
1198,P008
1198,P037
1198,P014
1199,P045
1199,P017
1199,P050
1199,P024
1200,P039
1200,P048
1201,P050
1202,P020
1202,P007
1203,P002
1203,P020
1203,P037
1203,P044
1203,P025
1204,P046
1204,P013
1204,P005
1204,P038
1205,P007
1205,P045
1206,P044
1206,P039
1206,P008
1207,P003
1207,P023
1207,P035
1207,P028
1207,P043
1208,P005
1208,P033
1208,P042
1209,P001
1209,P027
1209,P032
1210,P028
1211,P041
1211,P030
1211,P046
1212,P028
1212,P012
1213,P042
1213,P018
1213,P040
1213,P035
1213,P050
1214,P030
1214,P028
1214,P047
1214,P038
1215,P021
1215,P016
1215,P006
1216,P029
1216,P016
1216,P049
1217,P037
1217,P040
1217,P043
1217,P025
1218,P002
1218,P032
1218,P021
1219,P032
1219,P014
1220,P017
1220,P022
1220,P018
1221,P045
1221,P018
1221,P036
1221,P001
1221,P034
1222,P006
1222,P016
1223,P032
1223,P036
1223,P049
1223,P016
1224,P042
1224,P046
1224,P032
1224,P029
1225,P006
1226,P015
1226,P026
1226,P045
1227,P020
1227,P043
1228,P024
1228,P031
1228,P036
1228,P034
1228,P023
1229,P048
1229,P036
1229,P022
1229,P023
1230,P018
1230,P020
1230,P017
1230,P015
1231,P047
1232,P021
1232,P008
1233,P049
1233,P045
1233,P012
1233,P013
1233,P014
1234,P018
1234,P047
1234,P038
1234,P049
1235,P039
1235,P019
1235,P007
1235,P013
1235,P015
1236,P012
1236,P020
1236,P001
1237,P009
1237,P018
1237,P003
1237,P004
1237,P036
1238,P045
1238,P009
1238,P041
1239,P007
1239,P001
1239,P037
1239,P019
1240,P031
1240,P029
1240,P022
1240,P012
1241,P017
1242,P008
1242,P005
1242,P026
1242,P032
1243,P037
1244,P010
1245,P037
1245,P020
1246,P016
1247,P036
1248,P039
1248,P040
1248,P015
1248,P050
1249,P025
1249,P029
1249,P020
1249,P038
1249,P028
1250,P037
1250,P040
1250,P004
1251,P048
1251,P007
1251,P049
1251,P014
1251,P041
1252,P017
1252,P043
1253,P011
1254,P012
1254,P036
1255,P011
1256,P027
1257,P045
1257,P039
1257,P031
1257,P019
1258,P015
1259,P046
1259,P019
1259,P045
1260,P005
1260,P044
1260,P015
1260,P017
1261,P043
1261,P013
1261,P028
1261,P008
1261,P035
1262,P042
1262,P010
1263,P010
1263,P005
1263,P004
1264,P020
1264,P039
1265,P019
1265,P029
1265,P008
1265,P030
1265,P045
1266,P045
1266,P026
1266,P018
1267,P035
1267,P032
1267,P029
1267,P006
1267,P039
1268,P028
1269,P039
1269,P017
1269,P002
1270,P015
1271,P038
1271,P002
1271,P049
1271,P044
1271,P018
1272,P003
1272,P049
1272,P012
1272,P031
1272,P034
1273,P018
1273,P012
1273,P038
1273,P028
1274,P006
1274,P031
1274,P023
1274,P027
1275,P021
1275,P043
1275,P007
1276,P022
1276,P027
1277,P019
1277,P043
1277,P026
1277,P049
1278,P003
1278,P030
1278,P006
1278,P021
1278,P017
1279,P008
1279,P050
1279,P026
1280,P001
1280,P043
1280,P035
1280,P030
1280,P027
1281,P013
1282,P024
1282,P040
1282,P049
1282,P032
1282,P041
1283,P049
1283,P004
1283,P014
1283,P018
1284,P009
1284,P019
1284,P029
1284,P045
1284,P032
1285,P002
1286,P016
1286,P046
1286,P011
1286,P020
1286,P036
1287,P036
1288,P006
1288,P015
1288,P008
1288,P030
1289,P042
1290,P032
1290,P046
1291,P033
1291,P046
1291,P018
1292,P031
1292,P016
1292,P030
1292,P036
1293,P025
1293,P013
1294,P033
1294,P048
1294,P009
1294,P005
1294,P018
1295,P022
1295,P033
1295,P018
1295,P001
1296,P047
1296,P020
1296,P038
1297,P043
1297,P032
1297,P010
1297,P029
1297,P035
1298,P023
1298,P022
1298,P036
1298,P049
1299,P025
1299,P030
1299,P021
1299,P013
1299,P045
1300,P037
1300,P025
1301,P050
1301,P027
1302,P021
1303,P046
1303,P025
1303,P043
1303,P042
1304,P032
1304,P003
1305,P033
1305,P038
1306,P007
1306,P029
1306,P034
1307,P001
1307,P047
1307,P010
1307,P027
1308,P005
1308,P031
1309,P022
1309,P040
1309,P045
1310,P042
1310,P006
1310,P022
1310,P044
1311,P025
1311,P021
1311,P041
1311,P046
1311,P049
1312,P035
1312,P003
1312,P040
1312,P005
1313,P041
1313,P044
1314,P015
1314,P048
1314,P006
1315,P007
1315,P049
1315,P041
1315,P046
1316,P029
1317,P045
1317,P020
1318,P003
1319,P004
1319,P019
1319,P023
1320,P028
1320,P010
1320,P016
1321,P027
1321,P037
1321,P044
1321,P012
1321,P011
1322,P006
1322,P040
1323,P040
1323,P044
1323,P016
1323,P032
1324,P010
1324,P015
1324,P030
1324,P041
1324,P017
1325,P017
1325,P043
1325,P001
1325,P030
1326,P044
1326,P035
1326,P011
1327,P029
1328,P038
1328,P020
1328,P041
1329,P045
1329,P017
1329,P030
1329,P020
1330,P025
1330,P031
1331,P016
1332,P037
1332,P023
1332,P019
1332,P045
1333,P002
1333,P043
1333,P026
1334,P001
1334,P037
1334,P044
1335,P039
1336,P019
1336,P050
1336,P015
1336,P039
1337,P015
1337,P041
1337,P013
1338,P017
1338,P044
1338,P049
1338,P047
1338,P050
1339,P041
1339,P007
1340,P020
1341,P003
1341,P038
1341,P024
1341,P047
1342,P006
1342,P019
1343,P048
1343,P027
1343,P012
1344,P009
1344,P035
1345,P034
1345,P033
1345,P018
1346,P017
1346,P031
1347,P048
1347,P022
1347,P008
1348,P005
1348,P010
1348,P049
1348,P015
1349,P036
1349,P024
1349,P006
1349,P026
1350,P017
1351,P008
1351,P030
1351,P024
1351,P044
1351,P048
1352,P038
1352,P025
1352,P041
1353,P007
1353,P044
1353,P015
1354,P002
1354,P040
1354,P036
1354,P021
1355,P015
1355,P042
1355,P005
1355,P041
1355,P030
1356,P042
1356,P027
1356,P008
1357,P003
1357,P020
1358,P008
1358,P007
1358,P016
1358,P035
1359,P025
1359,P030
1360,P043
1360,P048
1360,P045
1361,P027
1361,P038
1361,P048
1361,P047
1361,P010
1362,P042
1362,P007
1362,P032
1362,P040
1363,P018
1363,P003
1363,P045
1363,P024
1364,P029
1364,P016
1365,P007
1365,P044
1365,P024
1366,P042
1366,P023
1366,P004
1366,P026
1366,P018
1367,P008
1367,P030
1368,P043
1369,P042
1369,P041
1370,P002
1370,P004
1370,P022
1370,P016
1370,P009
1371,P014
1371,P005
1371,P049
1371,P036
1371,P038
1372,P015
1372,P022
1373,P039
1373,P001
1374,P010
1374,P009
1374,P035
1375,P012
1375,P008
1375,P043
1376,P009
1377,P023
1378,P038
1378,P021
1379,P012
1380,P004
1380,P009
1380,P048
1381,P034
1381,P008
1381,P048
1381,P005
1382,P029
1382,P050
1382,P024
1382,P033
1383,P007
1383,P029
1383,P033
1383,P015
1383,P040
1384,P047
1385,P020
1385,P030
1385,P042
1385,P002
1385,P004
1386,P026
1386,P028
1386,P044
1386,P007
1387,P046
1387,P029
1387,P005
1387,P006
1388,P039
1388,P010
1388,P005
1389,P018
1389,P040
1390,P036
1390,P046
1390,P021
1390,P025
1390,P039
1391,P019
1391,P030
1391,P033
1391,P039
1391,P028
1392,P045
1393,P042
1394,P047
1394,P014
1394,P028
1394,P029
1394,P015
1395,P022
1395,P030
1395,P026
1395,P027
1396,P021
1397,P021
1397,P043
1397,P017
1397,P024
1398,P044
1398,P031
1399,P006
1400,P006
1401,P007
1401,P048
1401,P024
1401,P009
1402,P004
1402,P038
1402,P036
1402,P022
1402,P043
1403,P027
1404,P043
1404,P049
1404,P028
1405,P019
1406,P020
1406,P023
1406,P007
1406,P037
1406,P033
1407,P010
1407,P043
1408,P015
1408,P007
1408,P023
1408,P036
1409,P008
1409,P049
1409,P018
1410,P015
1410,P028
1410,P036
1410,P050
1410,P040
1411,P044
1411,P042
1411,P036
1411,P002
1411,P039
1412,P002
1412,P012
1412,P018
1413,P022
1413,P023
1413,P001
1414,P010
1414,P037
1415,P005
1415,P010
1415,P048
1415,P041
1416,P006
1417,P014
1417,P025
1417,P027
1417,P030
1417,P022
1418,P024
1418,P020
1419,P050
1419,P037
1419,P039
1420,P004
1421,P011
1421,P049
1422,P004
1422,P044
1422,P006
1422,P018
1422,P029
1423,P032
1423,P039
1423,P029
1423,P027
1424,P014
1424,P049
1424,P033
1425,P023
1426,P008
1426,P019
1426,P044
1426,P038
1427,P034
1427,P043
1427,P020
1427,P003
1428,P026
1428,P039
1429,P001
1430,P020
1430,P014
1431,P049
1431,P017
1432,P021
1432,P008
1432,P001
1433,P048
1433,P028
1433,P012
1433,P009
1434,P035
1434,P046
1434,P015
1434,P033
1435,P043
1435,P023
1435,P005
1435,P026
1435,P048
1436,P028
1437,P030
1438,P021
1439,P028
1439,P037
1439,P026
1439,P046
1439,P041
1440,P019
1440,P008
1440,P026
1440,P002
1441,P011
1441,P040
1441,P030
1442,P006
1442,P028
1442,P007
1443,P028
1443,P038
1444,P034
1444,P006
1444,P026
1444,P020
1445,P015
1445,P022
1445,P050
1446,P005
1446,P033
1447,P034
1448,P013
1448,P050
1448,P023
1448,P047
1448,P042
1449,P016
1449,P007
1450,P017
1450,P013
1451,P039
1451,P010
1452,P012
1453,P030
1453,P049
1453,P037
1453,P038
1454,P044
1454,P037
1454,P042
1454,P041
1455,P021
1455,P041
1455,P010
1455,P029
1455,P005
1456,P029
1456,P041
1456,P020
1456,P018
1457,P004
1457,P023
1457,P033
1457,P005
1457,P020
1458,P029
1458,P003
1458,P004
1458,P024
1459,P005
1459,P042
1459,P006
1460,P039
1460,P033
1460,P025
1460,P030
1460,P038
1461,P048
1461,P003
1461,P029
1461,P037
1461,P042
1462,P021
1462,P039
1463,P033
1463,P010
1463,P004
1463,P029
1464,P022
1465,P033
1466,P003
1466,P016
1467,P029
1467,P034
1467,P040
1467,P011
1468,P024
1468,P019
1468,P025
1469,P050
1469,P022
1469,P044
1469,P039
1470,P041
1471,P005
1471,P022
1471,P007
1472,P044
1472,P025
1472,P019
1472,P017
1472,P047
1473,P010
1473,P022
1473,P006
1473,P038
1473,P043
1474,P023
1474,P020
1475,P009
1475,P039
1475,P046
1475,P006
1476,P036
1476,P025
1476,P042
1477,P009
1477,P043
1477,P045
1478,P006
1478,P042
1478,P043
1478,P028
1478,P033
1479,P002
1479,P024
1479,P020
1480,P014
1480,P022
1481,P013
1481,P015
1481,P009
1481,P010
1482,P019
1483,P033
1484,P048
1484,P034
1484,P003
1484,P043
1484,P022
1485,P009
1485,P039
1485,P025
1485,P010
1485,P011
1486,P045
1486,P050
1487,P011
1487,P047
1487,P029
1487,P003
1487,P027
1488,P044
1488,P047
1488,P016
1489,P040
1489,P019
1489,P049
1489,P048
1490,P015
1490,P035
1490,P016
1490,P020
1491,P013
1491,P024
1491,P044
1491,P037
1492,P030
1492,P050
1492,P019
1492,P025
1493,P034
1493,P027
1493,P011
1493,P013
1493,P039
1494,P017
1494,P004
1495,P024
1495,P036
1495,P007
1495,P046
1496,P008
1496,P019
1496,P006
1496,P049
1496,P011
1497,P029
1497,P033
1497,P010
1498,P006
1498,P015
1498,P029
1498,P023
1499,P027
1500,P026
1501,P024
1501,P016
1501,P025
1501,P006
1501,P015
1502,P021
1503,P046
1504,P010
1504,P009
1504,P003
1505,P031
1505,P045
1505,P009
1506,P029
1506,P040
1506,P001
1506,P006
1507,P017
1508,P010
1508,P036
1509,P034
1509,P028
1509,P008
1509,P050
1509,P019
1510,P020
1510,P008
1511,P016
1512,P041
1512,P040
1512,P030
1512,P005
1513,P032
1514,P035
1514,P002
1514,P041
1514,P033
1514,P037
1515,P046
1515,P010
1516,P028
1516,P001
1516,P040
1517,P016
1517,P037
1517,P027
1518,P043
1518,P006
1519,P024
1519,P005
1519,P034
1519,P035
1519,P033
1520,P036
1520,P002
1520,P025
1520,P031
1520,P003
1521,P024
1521,P017
1521,P048
1521,P002
1522,P005
1522,P023
1522,P016
1523,P050
1524,P048
1524,P049
1524,P022
1524,P009
1524,P003
1525,P035
1525,P022
1525,P042
1526,P050
1526,P044
1527,P045
1527,P031
1527,P041
1527,P012
1528,P005
1528,P046
1529,P003
1529,P019
1529,P013
1529,P021
1530,P033
1530,P026
1530,P035
1531,P017
1531,P003
1531,P049
1531,P042
1532,P019
1532,P023
1533,P042
1534,P018
1534,P008
1534,P024
1535,P026
1535,P048
1535,P029
1535,P025
1536,P012
1536,P032
1536,P045
1537,P024
1537,P034
1537,P018
1537,P006
1538,P006
1538,P028
1538,P039
1538,P012
1539,P019
1539,P021
1539,P007
1539,P006
1539,P043
1540,P020
1540,P029
1540,P039
1541,P011
1541,P045
1541,P029
1541,P023
1542,P003
1542,P047
1542,P023
1542,P040
1543,P018
1543,P041
1543,P004
1543,P005
1544,P024
1544,P033
1544,P048
1544,P044
1545,P002
1545,P010
1546,P044
1546,P029
1546,P003
1546,P009
1546,P005
1547,P050
1547,P042
1548,P024
1548,P025
1548,P037
1549,P039
1550,P044
1550,P029
1551,P024
1551,P029
1551,P049
1552,P037
1553,P034
1553,P024
1554,P021
1554,P042
1554,P018
1554,P016
1555,P002
1556,P032
1556,P034
1557,P036
1557,P008
1557,P017
1557,P050
1558,P046
1558,P029
1558,P014
1559,P019
1559,P045
1559,P032
1559,P013
1559,P008
1560,P005
1560,P029
1561,P046
1561,P029
1562,P044
1563,P043
1563,P023
1563,P046
1564,P036
1565,P019
1565,P020
1565,P011
1565,P046
1565,P045
1566,P024
1566,P033
1567,P008
1567,P013
1568,P016
1568,P032
1569,P024
1570,P037
1570,P024
1570,P030
1570,P036
1570,P009
1571,P006
1571,P005
1571,P020
1571,P026
1571,P046
1572,P034
1572,P027
1572,P050
1572,P037
1573,P009
1574,P042
1574,P005
1574,P029
1575,P044
1575,P034
1575,P023
1575,P009
1576,P041
1576,P038
1576,P012
1576,P050
1576,P009
1577,P033
1577,P004
1577,P008
1577,P034
1578,P020
1578,P011
1579,P021
1579,P046
1580,P023
1580,P034
1581,P006
1581,P017
1581,P013
1582,P018
1582,P009
1582,P041
1582,P020
1582,P040
1583,P006
1583,P033
1583,P042
1583,P011
1583,P038
1584,P010
1584,P011
1584,P043
1584,P040
1584,P047
1585,P022
1585,P037
1585,P003
1585,P002
1585,P006
1586,P042
1587,P017
1587,P042
1587,P014
1587,P050
1587,P037
1588,P040
1588,P041
1588,P002
1588,P032
1589,P019
1589,P042
1589,P020
1589,P031
1589,P016
1590,P020
1590,P030
1590,P005
1590,P045
1591,P011
1592,P027
1592,P031
1592,P030
1592,P014
1593,P039
1593,P010
1593,P021
1594,P047
1594,P023
1594,P026
1595,P049
1595,P024
1596,P036
1596,P007
1596,P021
1596,P016
1596,P030
1597,P018
1598,P016
1598,P010
1598,P007
1598,P004
1599,P025
1599,P040
1599,P027
1600,P011
1600,P021
1601,P047
1601,P021
1601,P013
1601,P049
1601,P011
1602,P033
1602,P030
1602,P032
1602,P020
1603,P002
1603,P006
1603,P026
1603,P033
1604,P016
1604,P014
1604,P038
1604,P023
1605,P004
1606,P032
1606,P039
1606,P042
1607,P019
1607,P035
1607,P001
1607,P007
1608,P009
1608,P017
1608,P047
1608,P024
1609,P024
1609,P003
1609,P026
1609,P004
1610,P036
1610,P013
1610,P024
1610,P019
1610,P005
1611,P033
1611,P029
1611,P049
1611,P036
1612,P040
1612,P044
1612,P008
1613,P007
1613,P026
1614,P022
1614,P036
1614,P024
1615,P013
1615,P039
1616,P026
1616,P033
1616,P003
1616,P009
1616,P046
1617,P031
1617,P034
1617,P030
1618,P039
1618,P033
1619,P021
1619,P040
1620,P011
1620,P026
1620,P040
1621,P038
1621,P022
1621,P033
1622,P035
1622,P032
1622,P046
1622,P037
1622,P020
1623,P002
1623,P024
1623,P022
1623,P044
1624,P027
1625,P020
1625,P047
1625,P045
1625,P041
1625,P002
1626,P031
1626,P017
1626,P042
1626,P050
1626,P038
1627,P015
1627,P047
1627,P004
1627,P038
1627,P031
1628,P034
1628,P041
1629,P050
1629,P025
1629,P010
1629,P044
1629,P016
1630,P037
1631,P013
1632,P029
1633,P027
1633,P010
1633,P045
1634,P027
1634,P033
1635,P031
1635,P048
1635,P047
1635,P004
1635,P046
1636,P034
1636,P014
1637,P021
1637,P043
1637,P031
1637,P034
1637,P025
1638,P012
1638,P030
1638,P035
1639,P035
1639,P023
1639,P044
1640,P040
1640,P031
1640,P013
1641,P018
1641,P036
1642,P015
1642,P020
1642,P050
1643,P046
1643,P014
1643,P045
1644,P021
1644,P031
1644,P023
1644,P036
1645,P019
1645,P008
1645,P037
1646,P025
1646,P026
1646,P023
1646,P050
1646,P010
1647,P003
1647,P019
1647,P046
1648,P023
1649,P042
1649,P017
1649,P048
1649,P031
1650,P013
1650,P035
1651,P036
1651,P045
1651,P018
1652,P007
1652,P040
1653,P016
1653,P004
1653,P043
1653,P034
1653,P015
1654,P004
1654,P007
1655,P022
1655,P046
1655,P031
1655,P007
1656,P001
1656,P036
1657,P027
1657,P042
1658,P031
1658,P042
1658,P013
1658,P049
1659,P021
1659,P019
1659,P042
1660,P050
1661,P042
1662,P015
1662,P035
1662,P048
1662,P047
1662,P003
1663,P027
1663,P012
1664,P026
1665,P012
1665,P048
1665,P019
1665,P003
1666,P020
1667,P039
1667,P007
1667,P022
1667,P019
1667,P030
1668,P034
1668,P032
1668,P009
1668,P033
1668,P030
1669,P013
1669,P008
1669,P022
1670,P047
1670,P030
1671,P046
1671,P012
1671,P001
1672,P019
1672,P037
1672,P044
1673,P012
1673,P040
1674,P028
1674,P033
1674,P021
1674,P006
1675,P043
1675,P007
1675,P012
1675,P009
1676,P021
1676,P016
1676,P001
1676,P017
1677,P016
1677,P029
1677,P049
1677,P018
1678,P020
1678,P038
1678,P047
1679,P001
1679,P017
1679,P042
1679,P024
1679,P045
1680,P004
1680,P043
1681,P030
1682,P011
1682,P026
1682,P044
1683,P046
1683,P050
1683,P020
1683,P045
1683,P008
1684,P024
1684,P040
1684,P015
1685,P009
1685,P031
1686,P030
1686,P048
1687,P024
1687,P027
1687,P045
1687,P036
1687,P031
1688,P043
1688,P014
1688,P049
1688,P016
1688,P044
1689,P006
1689,P034
1689,P029
1689,P046
1689,P024
1690,P037
1691,P004
1692,P033
1692,P013
1692,P037
1692,P035
1692,P010
1693,P021
1693,P034
1694,P008
1694,P044
1694,P014
1694,P046
1695,P032
1695,P006
1695,P033
1695,P029
1695,P004
1696,P009
1696,P033
1696,P027
1696,P030
1697,P004
1697,P036
1697,P030
1697,P044
1697,P020
1698,P026
1699,P001
1699,P048
1699,P014
1700,P005
1700,P003
1700,P028
1700,P023
1700,P045
1701,P035
1702,P005
1703,P003
1703,P019
1703,P027
1703,P012
1704,P050
1704,P042
1705,P024
1705,P025
1705,P029
1705,P006
1706,P009
1706,P042
1706,P023
1706,P008
1706,P012
1707,P026
1707,P034
1707,P009
1707,P047
1707,P015
1708,P049
1709,P020
1710,P044
1710,P047
1710,P035
1710,P028
1711,P025
1711,P015
1711,P016
1711,P030
1711,P023
1712,P018
1712,P013
1713,P003
1714,P040
1714,P050
1714,P002
1714,P016
1715,P005
1715,P007
1716,P003
1716,P029
1716,P039
1716,P044
1716,P046
1717,P016
1718,P026
1719,P015
1719,P035
1719,P014
1719,P049
1720,P009
1721,P019
1721,P015
1721,P047
1721,P037
1721,P021
1722,P039
1722,P050
1722,P044
1722,P021
1722,P016
1723,P010
1723,P043
1723,P034
1724,P027
1724,P020
1725,P004
1725,P036
1725,P038
1726,P041
1726,P044
1727,P036
1727,P032
1727,P004
1727,P023
1728,P034
1728,P021
1728,P045
1728,P027
1729,P010
1729,P020
1729,P025
1729,P012
1730,P031
1730,P016
1730,P015
1730,P020
1730,P046
1731,P030
1731,P004
1732,P027
1732,P036
1732,P034
1732,P009
1732,P025
1733,P017
1733,P014
1734,P042
1734,P006
1734,P029
1735,P006
1735,P035
1735,P047
1736,P004
1736,P018
1737,P044
1737,P039
1737,P003
1737,P005
1738,P049
1738,P038
1739,P014
1739,P031
1739,P022
1739,P020
1739,P001
1740,P013
1740,P048
1741,P048
1742,P016
1742,P045
1742,P039
1742,P046
1743,P026
1743,P016
1744,P021
1744,P050
1744,P019
1744,P025
1744,P030
1745,P042
1745,P023
1745,P020
1745,P017
1745,P024
1746,P032
1746,P030
1746,P007
1746,P047
1746,P031
1747,P014
1747,P024
1747,P021
1748,P003
1748,P037
1748,P015
1748,P048
1749,P002
1749,P017
1750,P038
1750,P047
1750,P027
1750,P019
1750,P010
1751,P022
1751,P015
1752,P037
1752,P016
1752,P032
1752,P036
1753,P017
1753,P049
1753,P032
1754,P030
1754,P011
1754,P047
1754,P023
1755,P009
1755,P047
1756,P032
1756,P012
1756,P035
1756,P042
1756,P004
1757,P003
1757,P005
1757,P043
1757,P004
1757,P049
1758,P027
1759,P041
1759,P015
1760,P046
1761,P001
1761,P014
1762,P030
1762,P024
1762,P004
1762,P040
1762,P041
1763,P031
1763,P043
1763,P032
1763,P002
1763,P001
1764,P036
1764,P027
1764,P001
1764,P002
1764,P034
1765,P035
1765,P019
1765,P002
1766,P045
1766,P044
1766,P028
1766,P012
1766,P007
1767,P034
1768,P016
1768,P013
1769,P034
1769,P017
1769,P023
1769,P018
1769,P026
1770,P024
1771,P030
1771,P037
1771,P016
1771,P045
1772,P020
1772,P044
1773,P042
1774,P006
1775,P025
1775,P036
1775,P031
1775,P004
1776,P045
1777,P006
1777,P032
1778,P042
1778,P022
1778,P037
1778,P007
1779,P003
1779,P015
1779,P014
1779,P045
1779,P037
1780,P018
1780,P003
1780,P005
1780,P044
1781,P035
1781,P037
1781,P043
1782,P012
1783,P002
1783,P014
1783,P038
1784,P049
1784,P046
1785,P005
1785,P020
1785,P011
1785,P037
1786,P037
1786,P025
1787,P022
1787,P025
1787,P049
1787,P048
1787,P009
1788,P033
1789,P004
1789,P007
1789,P028
1790,P005
1790,P022
1791,P050
1791,P040
1791,P039
1791,P026
1791,P021
1792,P041
1793,P029
1793,P032
1793,P015
1794,P036
1794,P025
1794,P028
1795,P044
1795,P038
1796,P006
1796,P050
1796,P040
1796,P019
1797,P046
1797,P005
1798,P018
1799,P025
1799,P046
1800,P048
1800,P025
1801,P024
1801,P007
1801,P006
1802,P020
1803,P024
1803,P049
1803,P018
1803,P007
1804,P006
1804,P012
1805,P029
1805,P036
1805,P033
1805,P027
1806,P002
1807,P023
1808,P006
1808,P039
1808,P021
1808,P025
1808,P001
1809,P027
1809,P025
1809,P050
1810,P047
1811,P016
1811,P037
1811,P034
1811,P011
1811,P044
1812,P011
1812,P009
1812,P018
1812,P020
1813,P032
1813,P010
1813,P005
1814,P028
1814,P018
1815,P020
1815,P031
1815,P005
1815,P024
1816,P016
1816,P047
1816,P041
1817,P039
1817,P040
1817,P013
1817,P030
1818,P009
1819,P001
1819,P026
1819,P022
1820,P025
1820,P022
1820,P029
1820,P028
1820,P042
1821,P009
1821,P020
1821,P021
1821,P039
1821,P045
1822,P031
1822,P021
1823,P026
1823,P021
1824,P048
1824,P045
1824,P041
1825,P037
1825,P016
1825,P021
1825,P025
1826,P026
1826,P024
1826,P008
1827,P013
1827,P038
1827,P035
1827,P012
1827,P044
1828,P002
1828,P047
1828,P030
1828,P046
1828,P014
1829,P019
1829,P045
1829,P005
1829,P027
1830,P009
1830,P041
1830,P020
1830,P016
1831,P043
1831,P010
1831,P046
1832,P025
1832,P005
1832,P029
1832,P039
1833,P038
1833,P026
1833,P035
1833,P033
1834,P035
1834,P003
1834,P024
1834,P045
1835,P039
1835,P041
1835,P006
1835,P007
1835,P050
1836,P043
1836,P023
1837,P042
1837,P040
1838,P037
1839,P049
1839,P022
1839,P028
1839,P007
1840,P007
1841,P015
1841,P033
1841,P048
1842,P036
1842,P038
1842,P045
1842,P037
1842,P015
1843,P024
1843,P026
1843,P030
1843,P050
1844,P045
1844,P033
1844,P010
1844,P023
1844,P002
1845,P007
1845,P019
1845,P027
1845,P006
1846,P047
1847,P023
1847,P020
1848,P030
1848,P014
1848,P034
1849,P023
1849,P031
1849,P007
1849,P029
1850,P021
1850,P005
1850,P020
1850,P003
1851,P002
1852,P042
1852,P007
1852,P044
1853,P048
1853,P016
1854,P012
1854,P036
1854,P011
1854,P022
1854,P028
1855,P015
1855,P026
1855,P041
1855,P012
1856,P041
1856,P043
1857,P026
1857,P002
1857,P048
1857,P040
1858,P029
1858,P038
1859,P025
1859,P001
1859,P046
1859,P014
1860,P018
1860,P049
1861,P037
1862,P035
1863,P024
1863,P021
1864,P030
1864,P008
1865,P043
1865,P032
1865,P034
1866,P039
1866,P025
1866,P040
1867,P038
1867,P008
1867,P023
1867,P030
1868,P012
1868,P044
1868,P046
1868,P020
1868,P040
1869,P006
1869,P044
1869,P009
1869,P021
1869,P008
1870,P020
1870,P008
1871,P024
1871,P045
1872,P033
1872,P025
1873,P039
1873,P009
1873,P037
1873,P025
1874,P012
1874,P032
1874,P041
1874,P035
1875,P036
1875,P011
1876,P019
1876,P009
1876,P012
1876,P021
1877,P040
1877,P004
1877,P023
1877,P001
1878,P009
1878,P013
1878,P025
1878,P036
1879,P042
1879,P032
1879,P027
1879,P044
1879,P046
1880,P032
1880,P011
1880,P006
1880,P037
1881,P049
1882,P019
1882,P003
1883,P015
1883,P035
1883,P019
1884,P050
1884,P030
1885,P048
1885,P050
1885,P032
1885,P036
1885,P033
1886,P037
1887,P018
1888,P024
1888,P035
1888,P049
1888,P003
1888,P047
1889,P035
1889,P014
1889,P028
1889,P007
1890,P020
1890,P003
1891,P017
1891,P023
1891,P006
1891,P029
1892,P050
1893,P014
1893,P048
1894,P045
1894,P023
1894,P046
1894,P040
1894,P041
1895,P011
1895,P040
1895,P009
1895,P014
1896,P004
1896,P037
1897,P035
1897,P018
1897,P039
1898,P011
1898,P021
1898,P046
1898,P019
1898,P037
1899,P033
1899,P044
1899,P007
1900,P049
1900,P027
1901,P018
1902,P045
1902,P009
1903,P010
1903,P046
1904,P016
1904,P049
1904,P044
1905,P032
1905,P010
1905,P037
1905,P041
1906,P041
1906,P027
1906,P025
1907,P005
1907,P041
1907,P050
1907,P006
1908,P033
1908,P048
1908,P018
1908,P045
1909,P030
1909,P032
1909,P021
1910,P001
1910,P050
1910,P047
1910,P006
1910,P030
1911,P005
1911,P035
1911,P026
1912,P028
1912,P014
1913,P018
1913,P021
1913,P019
1913,P022
1914,P037
1914,P009
1914,P032
1914,P022
1914,P044
1915,P003
1916,P041
1917,P002
1917,P008
1917,P011
1917,P029
1918,P001
1918,P028
1918,P013
1918,P045
1919,P042
1919,P020
1920,P018
1920,P006
1921,P017
1921,P006
1921,P024
1922,P004
1922,P026
1923,P047
1923,P045
1923,P049
1924,P028
1924,P042
1925,P046
1926,P001
1927,P031
1927,P005
1928,P038
1928,P015
1929,P044
1929,P029
1929,P001
1929,P045
1929,P022
1930,P028
1931,P031
1931,P005
1932,P025
1932,P006
1933,P007
1934,P024
1934,P020
1934,P009
1935,P050
1935,P049
1935,P009
1935,P042
1936,P005
1936,P034
1937,P001
1937,P040
1937,P042
1937,P011
1937,P029
1938,P047
1938,P014
1938,P041
1939,P027
1939,P040
1940,P014
1940,P006
1940,P007
1940,P009
1941,P038
1942,P023
1942,P028
1942,P021
1942,P009
1943,P018
1943,P042
1944,P016
1945,P039
1945,P047
1945,P019
1945,P050
1945,P045
1946,P043
1947,P014
1947,P034
1947,P039
1948,P013
1948,P048
1948,P026
1948,P019
1948,P042
1949,P016
1950,P025
1950,P008
1950,P016
1950,P032
1951,P005
1951,P034
1951,P001
1951,P024
1951,P021
1952,P025
1952,P037
1953,P024
1953,P035
1953,P044
1953,P012
1954,P050
1954,P005
1954,P002
1954,P038
1955,P001
1956,P014
1956,P003
1956,P004
1957,P033
1957,P019
1957,P041
1957,P046
1958,P050
1958,P027
1958,P028
1958,P045
1958,P026
1959,P041
1960,P035
1960,P040
1960,P010
1960,P018
1960,P006
1961,P006
1961,P033
1961,P014
1962,P035
1962,P021
1963,P038
1963,P041
1963,P049
1963,P042
1964,P020
1965,P047
1965,P016
1965,P004
1965,P006
1966,P008
1966,P030
1966,P040
1966,P039
1967,P020
1968,P008
1968,P001
1969,P045
1969,P001
1970,P032
1970,P023
1971,P034
1971,P047
1971,P017
1971,P011
1971,P024
1972,P048
1972,P050
1973,P047
1973,P008
1973,P050
1974,P022
1975,P018
1975,P034
1975,P005
1975,P017
1976,P041
1976,P005
1976,P032
1976,P030
1976,P033
1977,P004
1977,P032
1977,P037
1978,P024
1978,P011
1979,P050
1979,P007
1979,P037
1980,P015
1981,P001
1981,P003
1981,P016
1981,P031
1981,P024
1982,P010
1982,P012
1982,P003
1982,P036
1983,P015
1983,P021
1983,P016
1983,P027
1984,P018
1984,P005
1984,P037
1985,P008
1985,P033
1985,P044
1986,P012
1987,P034
1987,P003
1988,P005
1988,P030
1988,P019
1988,P050
1989,P021
1989,P006
1989,P036
1990,P001
1990,P024
1990,P013
1990,P019
1991,P020
1991,P048
1991,P040
1991,P016
1991,P030
1992,P038
1992,P032
1992,P050
1993,P047
1993,P035
1994,P010
1994,P001
1995,P002
1995,P015
1995,P035
1995,P023
1996,P022
1997,P049
1998,P048
1998,P047
1998,P020
1998,P007
1999,P034
1999,P016
2000,P032
2000,P004
2000,P010
2000,P046
2001,P006
2001,P003
2001,P015
2002,P027
2002,P045
2002,P024
2002,P030
2002,P048
2003,P038
2004,P033
2005,P041
2005,P026
2006,P038
2007,P004
2007,P028
2007,P043
2007,P009
2007,P016
2008,P017
2008,P021
2008,P026
2009,P021
2009,P029
2009,P018
2010,P005
2010,P013
2011,P050
2011,P038
2012,P010
2013,P011
2014,P030
2014,P021
2014,P027
2014,P008
2015,P023
2015,P050
2015,P014
2015,P029
2015,P020
2016,P017
2016,P008
2016,P006
2016,P011
2017,P046
2017,P045
2017,P039
2018,P014
2019,P010
2019,P006
2019,P046
2020,P023
2020,P026
2021,P004
2021,P044
2021,P020
2021,P017
2021,P012
2022,P026
2023,P036
2023,P048
2023,P016
2023,P007
2024,P007
2024,P009
2024,P008
2024,P001
2025,P050
2026,P009
2026,P013
2027,P024
2027,P044
2027,P041
2027,P042
2028,P038
2029,P017
2029,P005
2029,P002
2029,P013
2029,P042
2030,P009
2030,P006
2030,P022
2030,P008
2031,P030
2032,P011
2033,P028
2033,P047
2033,P026
2033,P032
2033,P002
2034,P044
2034,P028
2034,P012
2034,P023
2035,P012
2035,P018
2036,P029
2036,P010
2036,P003
2037,P040
2037,P016
2037,P042
2037,P019
2037,P032
2038,P036
2038,P031
2038,P004
2038,P006
2039,P025
2039,P009
2039,P027
2040,P042
2040,P034
2041,P041
2041,P035
2042,P025
2043,P031
2043,P035
2043,P032
2044,P037
2044,P033
2044,P021
2045,P018
2045,P012
2045,P002
2045,P021
2046,P015
2046,P002
2046,P050
2046,P018
2046,P004
2047,P034
2047,P023
2047,P050
2047,P038
2048,P011
2048,P007
2049,P043
2049,P016
2050,P035
2050,P048
2050,P004
2051,P037
2051,P025
2052,P012
2052,P016
2052,P038
2053,P048
2053,P045
2053,P023
2054,P002
2054,P046
2054,P045
2054,P023
2054,P037
2055,P010
2055,P037
2055,P013
2055,P032
2055,P035
2056,P012
2056,P032
2056,P003
2057,P004
2058,P039
2058,P015
2059,P034
2060,P001
2060,P022
2060,P040
2060,P013
2061,P022
2061,P046
2062,P021
2062,P004
2063,P010
2064,P046
2064,P010
2064,P050
2064,P008
2064,P034
2065,P005
2065,P024
2065,P046
2066,P038
2066,P007
2066,P022
2066,P020
2067,P009
2067,P011
2067,P047
2068,P041
2068,P032
2068,P042
2068,P021
2069,P046
2069,P036
2070,P023
2070,P015
2070,P043
2070,P038
2070,P012
2071,P020
2071,P047
2071,P045
2071,P019
2072,P012
2072,P047
2073,P045
2074,P026
2074,P050
2074,P037
2074,P003
2074,P012
2075,P021
2075,P040
2075,P015
2075,P041
2075,P037
2076,P032
2077,P022
2077,P048
2078,P016
2079,P021
2079,P011
2079,P041
2080,P046
2081,P029
2081,P001
2081,P017
2082,P016
2082,P045
2083,P023
2084,P007
2084,P047
2084,P001
2085,P025
2086,P047
2086,P027
2086,P011
2086,P032
2087,P023
2087,P035
2087,P025
2087,P007
2088,P037
2088,P042
2088,P049
2088,P044
2089,P011
2089,P029
2090,P003
2091,P002
2091,P021
2091,P017
2092,P005
2093,P011
2093,P025
2093,P047
2094,P036
2095,P022
2096,P040
2096,P031
2096,P046
2096,P002
2096,P028
2097,P039
2097,P028
2098,P004
2098,P007
2099,P014
2099,P013
2099,P027
2100,P047
2100,P035
2100,P017
2100,P043
2100,P019
2101,P016
2101,P007
2101,P004
2102,P037
2102,P036
2102,P032
2102,P010
2103,P024
2104,P028
2105,P019
2106,P031
2106,P013
2106,P007
2106,P002
2106,P014
2107,P041
2107,P019
2108,P031
2109,P020
2110,P031
2110,P032
2110,P043
2110,P017
2111,P042
2112,P025
2112,P012
2112,P024
2112,P029
2112,P003
2113,P029
2113,P030
2113,P017
2114,P018
2114,P037
2115,P010
2116,P006
2117,P035
2117,P027
2117,P049
2118,P015
2118,P036
2118,P004
2118,P025
2118,P034
2119,P035
2119,P044
2119,P031
2119,P037
2120,P031
2120,P020
2121,P026
2122,P033
2123,P034
2123,P037
2123,P044
2123,P040
2123,P010
2124,P049
2125,P012
2125,P011
2125,P014
2125,P013
2126,P003
2126,P028
2127,P044
2128,P013
2128,P041
2128,P010
2128,P039
2129,P021
2129,P047
2129,P005
2130,P025
2131,P026
2131,P036
2131,P021
2131,P018
2131,P034
2132,P001
2132,P045
2132,P040
2132,P038
2133,P027
2133,P008
2133,P010
2133,P037
2133,P038
2134,P049
2134,P007
2134,P037
2134,P050
2134,P019
2135,P023
2135,P027
2135,P017
2135,P025
2135,P042
2136,P037
2136,P039
2136,P031
2136,P003
2137,P018
2137,P026
2138,P040
2138,P039
2139,P003
2139,P026
2139,P022
2139,P045
2140,P004
2140,P048
2141,P018
2141,P024
2141,P002
2141,P022
2142,P020
2142,P018
2142,P032
2143,P015
2144,P020
2144,P048
2145,P050
2145,P021
2145,P018
2145,P047
2146,P039
2146,P042
2146,P006
2146,P013
2147,P014
2147,P027
2147,P048
2147,P032
2148,P024
2148,P004
2148,P033
2148,P011
2148,P005
2149,P046
2149,P033
2149,P026
2150,P050
2150,P034
2151,P002
2151,P012
2151,P013
2151,P004
2151,P016
2152,P030
2153,P024
2154,P018
2154,P024
2155,P033
2155,P026
2155,P041
2155,P008
2156,P016
2157,P032
2157,P039
2157,P029
2158,P031
2158,P038
2159,P023
2159,P011
2159,P017
2159,P048
2159,P045
2160,P019
2161,P025
2162,P011
2163,P050
2163,P014
2163,P015
2163,P042
2163,P044
2164,P018
2164,P042
2165,P033
2165,P002
2165,P050
2165,P044
2166,P031
2167,P042
2167,P012
2168,P001
2168,P015
2168,P017
2168,P039
2168,P020
2169,P028
2169,P025
2169,P023
2170,P017
2170,P014
2170,P030
2170,P020
2171,P040
2171,P026
2171,P038
2171,P007
2171,P001
2172,P043
2172,P024
2172,P036
2172,P042
2172,P039
2173,P019
2173,P020
2173,P044
2173,P007
2173,P031
2174,P022
2175,P041
2175,P021
2175,P018
2176,P042
2176,P046
2176,P020
2177,P010
2177,P034
2178,P004
2178,P039
2179,P043
2179,P021
2179,P044
2179,P009
2180,P042
2181,P019
2181,P017
2181,P027
2181,P026
2182,P048
2182,P003
2182,P038
2182,P046
2183,P013
2183,P022
2183,P047
2183,P046
2183,P015
2184,P041
2184,P031
2184,P043
2184,P023
2184,P033
2185,P011
2185,P043
2185,P036
2186,P019
2186,P007
2187,P009
2187,P048
2187,P017
2187,P047
2188,P049
2188,P012
2188,P044
2188,P022
2188,P042
2189,P015
2190,P015
2190,P048
2190,P020
2191,P022
2191,P024
2191,P017
2191,P038
2192,P030
2192,P008
2192,P031
2193,P041
2194,P038
2194,P040
2194,P005
2194,P031
2194,P013
2195,P008
2195,P044
2195,P025
2195,P034
2195,P020
2196,P004
2196,P010
2196,P009
2196,P013
2197,P027
2197,P037
2197,P030
2198,P021
2198,P046
2199,P050
2199,P006
2200,P022
2200,P041
2200,P012
2200,P021
2201,P001
2202,P018
2202,P014
2202,P049
2202,P050
2203,P037
2203,P049
2204,P032
2204,P049
2205,P009
2206,P028
2206,P041
2206,P026
2206,P031
2206,P025
2207,P003
2208,P013
2208,P047
2208,P024
2208,P001
2208,P021
2209,P013
2209,P002
2209,P044
2209,P001
2209,P041
2210,P015
2210,P045
2211,P020
2211,P009
2211,P007
2212,P033
2212,P038
2212,P020
2212,P011
2213,P003
2214,P019
2214,P030
2214,P047
2215,P039
2215,P034
2215,P022
2215,P028
2215,P044
2216,P022
2216,P032
2217,P049
2217,P013
2217,P011
2218,P002
2218,P015
2218,P047
2218,P009
2219,P047
2219,P002
2220,P033
2220,P011
2220,P008
2220,P024
2220,P046
2221,P025
2222,P050
2222,P035
2222,P040
2223,P039
2224,P043
2225,P042
2226,P004
2227,P027
2228,P025
2228,P008
2228,P036
2228,P017
2229,P045
2229,P010
2229,P014
2229,P044
2230,P020
2231,P043
2231,P007
2231,P034
2231,P018
2232,P039
2232,P045
2232,P009
2232,P027
2232,P007
2233,P047
2233,P040
2233,P008
2233,P019
2233,P007
2234,P013
2234,P039
2234,P050
2234,P017
2235,P013
2235,P023
2235,P046
2235,P027
2235,P019
2236,P003
2236,P036
2237,P014
2237,P045
2237,P031
2237,P022
2238,P001
2238,P043
2239,P008
2240,P043
2240,P032
2240,P010
2240,P006
2240,P050
2241,P005
2241,P047
2241,P007
2241,P017
2241,P042
2242,P030
2242,P019
2243,P030
2243,P004
2243,P007
2244,P003
2244,P019
2245,P044
2245,P021
2245,P028
2246,P007
2247,P001
2248,P043
2248,P042
2249,P022
2249,P023
2250,P040
2250,P018
2250,P047
2250,P006
2251,P022
2251,P012
2251,P008
2252,P026
2252,P030
2252,P018
2252,P025
2253,P027
2253,P042
2253,P011
2253,P008
2254,P045
2254,P047
2255,P011
2256,P027
2257,P031
2257,P037
2257,P044
2257,P029
2257,P012
2258,P025
2258,P050
2258,P023
2258,P040
2258,P002
2259,P031
2259,P032
2260,P027
2261,P003
2261,P005
2261,P017
2261,P042
2262,P001
2262,P046
2262,P044
2263,P050
2263,P048
2263,P037
2263,P047
2263,P015
2264,P034
2264,P045
2264,P040
2265,P028
2266,P031
2266,P023
2267,P010
2267,P036
2267,P040
2267,P004
2268,P042
2269,P033
2269,P031
2270,P011
2270,P005
2270,P049
2270,P032
2271,P016
2271,P022
2271,P018
2272,P033
2273,P036
2273,P042
2274,P026
2274,P016
2274,P006
2274,P030
2275,P037
2275,P029
2275,P006
2275,P032
2276,P021
2276,P008
2276,P032
2276,P048
2277,P007
2278,P027
2278,P003
2278,P036
2278,P001
2279,P039
2280,P041
2280,P020
2280,P033
2280,P036
2280,P014
2281,P022
2281,P024
2281,P004
2281,P015
2282,P022
2282,P036
2282,P050
2282,P040
2283,P031
2283,P046
2283,P043
2283,P024
2283,P029
2284,P007
2285,P001
2285,P022
2286,P041
2286,P019
2286,P036
2287,P024
2287,P045
2287,P007
2287,P003
2287,P011
2288,P009
2288,P046
2288,P048
2288,P047
2289,P007
2289,P017
2289,P040
2289,P013
2290,P008
2290,P026
2291,P030
2291,P013
2292,P007
2292,P049
2292,P027
2293,P041
2294,P008
2294,P050
2294,P029
2294,P030
2294,P043
2295,P033
2295,P009
2295,P032
2295,P001
2295,P034
2296,P036
2297,P038
2297,P031
2297,P033
2297,P050
2298,P045
2298,P038
2299,P047
2299,P009
2300,P025
2301,P039
2301,P021
2301,P033
2301,P025
2301,P027
2302,P045
2302,P049
2302,P016
2302,P018
2302,P026
2303,P019
2303,P029
2303,P009
2304,P027
2304,P039
2305,P020
2305,P045
2305,P036
2305,P021
2305,P046
2306,P041
2306,P014
2306,P013
2306,P040
2306,P046
2307,P044
2307,P023
2307,P009
2308,P033
2308,P035
2309,P046
2309,P008
2309,P049
2310,P036
2310,P031
2310,P038
2311,P043
2311,P046
2311,P027
2311,P044
2311,P048
2312,P019
2312,P028
2312,P001
2312,P034
2312,P007
2313,P025
2314,P004
2314,P043
2315,P013
2316,P049
2316,P011
2316,P019
2317,P010
2317,P004
2317,P045
2318,P014
2318,P049
2318,P035
2319,P023
2320,P007
2320,P040
2320,P044
2320,P048
2321,P015
2321,P048
2321,P042
2321,P036
2321,P025
2322,P033
2322,P045
2323,P045
2323,P043
2323,P004
2324,P025
2324,P027
2324,P044
2324,P021
2325,P004
2325,P001
2325,P048
2325,P017
2325,P013
2326,P050
2326,P029
2326,P015
2326,P041
2326,P046
2327,P049
2327,P038
2327,P035
2328,P013
2328,P050
2328,P047
2328,P019
2328,P029
2329,P044
2329,P005
2330,P012
2330,P048
2331,P008
2331,P025
2331,P003
2331,P028
2331,P018
2332,P017
2332,P009
2332,P011
2332,P038
2332,P001
2333,P030
2333,P046
2333,P010
2334,P010
2335,P039
2335,P004
2335,P050
2336,P043
2336,P020
2336,P032
2336,P037
2336,P036
2337,P005
2337,P046
2337,P021
2338,P015
2338,P012
2338,P034
2338,P005
2338,P033
2339,P027
2339,P035
2340,P026
2340,P006
2340,P023
2340,P015
2340,P014
2341,P022
2341,P024
2341,P019
2342,P049
2342,P040
2343,P031
2343,P036
2343,P049
2343,P042
2343,P001
2344,P043
2345,P029
2345,P016
2345,P042
2346,P040
2346,P016
2346,P003
2346,P044
2346,P021
2347,P008
2347,P025
2347,P017
2347,P035
2348,P002
2348,P034
2348,P050
2349,P033
2349,P029
2349,P032
2350,P019
2351,P021
2351,P033
2352,P007
2353,P050
2353,P035
2354,P001
2354,P041
2354,P005
2354,P014
2354,P043
2355,P044
2355,P028
2356,P014
2357,P045
2357,P048
2357,P050
2357,P028
2357,P042
2358,P048
2359,P002
2359,P030
2360,P003
2360,P006
2360,P005
2361,P012
2362,P036
2362,P005
2362,P037
2363,P017
2363,P027
2364,P029
2364,P041
2364,P026
2364,P028
2365,P002
2365,P025
2365,P044
2366,P035
2367,P042
2368,P005
2368,P049
2368,P048
2368,P038
2368,P003
2369,P023
2370,P007
2370,P019
2370,P044
2370,P020
2370,P039
2371,P019
2372,P025
2372,P026
2372,P043
2372,P002
2373,P011
2373,P035
2373,P015
2373,P009
2374,P035
2374,P019
2374,P041
2374,P010
2375,P044
2375,P047
2375,P042
2376,P001
2376,P036
2376,P010
2377,P003
2378,P037
2379,P026
2379,P035
2379,P036
2379,P006
2379,P020
2380,P048
2380,P047
2381,P014
2381,P027
2381,P042
2382,P010
2382,P011
2382,P012
2382,P015
2382,P040
2383,P013
2383,P008
2383,P012
2384,P004
2384,P049
2384,P036
2384,P030
2384,P042
2385,P005
2385,P019
2385,P043
2385,P017
2385,P007
2386,P047
2386,P038
2387,P022
2387,P023
2387,P009
2387,P043
2388,P007
2388,P019
2389,P005
2389,P013
2389,P021
2389,P032
2389,P029
2390,P040
2390,P043
2390,P020
2391,P010
2391,P037
2391,P024
2391,P021
2391,P028
2392,P001
2392,P021
2393,P015
2393,P046
2394,P018
2394,P024
2394,P009
2394,P044
2395,P031
2395,P030
2395,P029
2396,P050
2396,P020
2396,P032
2397,P007
2397,P012
2397,P042
2397,P039
2397,P006
2398,P009
2398,P035
2398,P013
2399,P047
2399,P041
2399,P005
2400,P002
2401,P041
2401,P002
2401,P038
2401,P026
2401,P050
2402,P014
2402,P003
2402,P036
2402,P017
2402,P035
2403,P031
2403,P042
2403,P050
2403,P010
2403,P024
2404,P015
2404,P050
2404,P038
2404,P047
2405,P009
2405,P030
2405,P033
2406,P006
2406,P026
2406,P024
2406,P033
2406,P001
2407,P040
2407,P044
2408,P049
2408,P033
2409,P029
2409,P011
2410,P037
2410,P043
2411,P048
2411,P047
2412,P023
2412,P003
2412,P015
2412,P049
2413,P015
2413,P005
2413,P017
2413,P024
2414,P003
2414,P043
2415,P034
2415,P024
2416,P031
2416,P030
2416,P003
2416,P042
2417,P007
2417,P046
2417,P034
2418,P048
2418,P017
2418,P038
2419,P037
2419,P012
2419,P025
2419,P042
2419,P024
2420,P042
2420,P005
2420,P034
2420,P017
2420,P025
2421,P034
2421,P026
2422,P023
2422,P032
2422,P031
2423,P001
2423,P033
2423,P009
2423,P029
2423,P011
2424,P005
2424,P033
2425,P014
2425,P010
2425,P012
2426,P024
2426,P039
2427,P043
2428,P027
2428,P022
2429,P031
2430,P031
2430,P014
2430,P038
2430,P011
2431,P002
2431,P016
2431,P003
2431,P009
2432,P038
2432,P011
2432,P009
2432,P041
2432,P033
2433,P037
2434,P004
2434,P011
2435,P012
2435,P034
2435,P026
2436,P037
2436,P041
2436,P002
2436,P047
2436,P043
2437,P006
2437,P014
2437,P029
2438,P031
2438,P011
2438,P015
2438,P027
2438,P039
2439,P038
2439,P050
2440,P040
2440,P043
2441,P017
2441,P011
2441,P047
2441,P044
2441,P022
2442,P039
2442,P038
2442,P005
2442,P015
2443,P025
2443,P009
2443,P007
2443,P002
2444,P034
2444,P033
2445,P010
2445,P039
2445,P007
2445,P012
2446,P040
2446,P039
2446,P003
2446,P035
2447,P049
2447,P008
2447,P006
2447,P031
2447,P043
2448,P039
2448,P035
2449,P050
2450,P034
2450,P027
2450,P024
2450,P003
2451,P028
2451,P015
2451,P031
2451,P050
2451,P025
2452,P038
2452,P048
2452,P049
2453,P007
2453,P028
2453,P009
2453,P017
2453,P031
2454,P006
2454,P019
2455,P035
2455,P027
2455,P017
2455,P013
2455,P001
2456,P037
2457,P008
2457,P034
2457,P001
2457,P025
2457,P042
2458,P045
2458,P021
2459,P024
2459,P007
2459,P010
2459,P028
2460,P017
2460,P035
2460,P028
2460,P037
2460,P024
2461,P018
2461,P044
2461,P026
2461,P049
2461,P014
2462,P036
2462,P031
2462,P012
2462,P024
2463,P036
2463,P031
2463,P017
2463,P020
2463,P037
2464,P050
2464,P046
2464,P026
2465,P043
2465,P008
2466,P029
2466,P045
2467,P007
2467,P014
2468,P026
2468,P022
2468,P036
2468,P040
2468,P045
2469,P011
2470,P041
2470,P001
2470,P006
2470,P010
2471,P039
2471,P028
2471,P006
2471,P005
2472,P015
2472,P024
2472,P006
2473,P003
2473,P047
2473,P025
2473,P026
2473,P040
2474,P019
2474,P046
2474,P039
2474,P004
2474,P050
2475,P041
2475,P032
2476,P001
2476,P013
2476,P043
2476,P034
2477,P013
2477,P003
2477,P039
2478,P034
2478,P045
2478,P015
2478,P040
2478,P011
2479,P024
2480,P042
2480,P001
2481,P006
2481,P018
2482,P023
2482,P043
2482,P026
2482,P038
2483,P034
2483,P001
2484,P006
2485,P019
2485,P047
2485,P036
2485,P038
2485,P023
2486,P018
2486,P015
2486,P039
2487,P030
2487,P026
2488,P001
2488,P017
2488,P012
2488,P027
2488,P033
2489,P036
2490,P033
2491,P022
2491,P008
2491,P033
2492,P035
2492,P037
2492,P017
2493,P025
2493,P037
2493,P031
2493,P050
2494,P049
2494,P022
2495,P044
2495,P030
2495,P038
2495,P002
2496,P008
2496,P017
2496,P005
2496,P025
2497,P044
2497,P045
2498,P021
2498,P027
2499,P034
2499,P035
2499,P001
2500,P016
2500,P019
2500,P006
2501,P044
2501,P048
2501,P022
2501,P005
2502,P012
2502,P031
2502,P021
2502,P023
2502,P014
2503,P018
2503,P012
2503,P048
2503,P044
2503,P013
2504,P048
2504,P013
2504,P016
2504,P017
2505,P015
2505,P013
2506,P040
2506,P023
2507,P050
2507,P007
2508,P006
2509,P040
2509,P001
2509,P049
2509,P035
2510,P031
2511,P040
2511,P021
2511,P032
2512,P018
2512,P032
2512,P012
2512,P049
2512,P033
2513,P026
2513,P015
2513,P049
2514,P009
2514,P004
2514,P034
2514,P028
2514,P031
2515,P003
2515,P033
2515,P023
2515,P026
2515,P044
2516,P030
2516,P008
2517,P030
2517,P021
2517,P045
2517,P001
2517,P044
2518,P025
2518,P038
2519,P021
2520,P040
2520,P017
2520,P012
2521,P017
2521,P016
2521,P018
2521,P031
2521,P040
2522,P024
2522,P012
2522,P032
2523,P014
2523,P027
2523,P045
2523,P049
2524,P024
2524,P026
2524,P018
2525,P012
2525,P037
2525,P009
2525,P044
2526,P007
2526,P047
2527,P016
2527,P036
2527,P028
2528,P013
2528,P010
2528,P048
2528,P031
2529,P012
2530,P032
2530,P009
2530,P041
2530,P034
2531,P047
2531,P021
2531,P032
2531,P020
2531,P017
2532,P037
2532,P004
2532,P026
2532,P007
2532,P045
2533,P004
2533,P014
2534,P031
2534,P041
2534,P007
2535,P048
2535,P022
2535,P017
2535,P024
2536,P036
2536,P017
2536,P023
2537,P027
2538,P023
2539,P013
2539,P037
2539,P042
2539,P035
2539,P012
2540,P023
2540,P021
2540,P044
2541,P032
2541,P050
2541,P048
2541,P029
2541,P006
2542,P040
2542,P019
2542,P030
2542,P041
2543,P011
2543,P041
2544,P027
2544,P041
2544,P040
2545,P026
2545,P005
2545,P006
2545,P011
2545,P022
2546,P021
2546,P042
2547,P046
2547,P018
2547,P039
2548,P018
2548,P029
2548,P050
2548,P024
2549,P034
2549,P029
2549,P027
2549,P011
2549,P012
2550,P009
2551,P043
2551,P017
2552,P014
2553,P026
2553,P007
2554,P005
2555,P036
2555,P004
2555,P002
2555,P050
2556,P034
2556,P049
2556,P006
2556,P007
2557,P040
2557,P010
2557,P006
2558,P020
2558,P015
2558,P016
2558,P048
2559,P029
2559,P041
2559,P009
2560,P034
2560,P011
2561,P003
2562,P021
2562,P031
2562,P030
2563,P018
2563,P036
2563,P029
2563,P009
2563,P045
2564,P012
2564,P038
2564,P039
2564,P030
2564,P041
2565,P028
2565,P034
2565,P041
2565,P035
2565,P020
2566,P031
2566,P035
2566,P015
2567,P029
2568,P024
2568,P027
2568,P017
2569,P020
2569,P001
2570,P034
2571,P023
2571,P019
2572,P035
2572,P001
2572,P045
2572,P032
2573,P020
2573,P001
2573,P050
2573,P028
2574,P039
2574,P015
2574,P001
2575,P024
2575,P013
2575,P027
2575,P036
2575,P028
2576,P016
2576,P011
2576,P046
2576,P048
2577,P025
2577,P015
2577,P017
2577,P006
2578,P041
2578,P016
2578,P034
2578,P049
2579,P045
2579,P044
2579,P018
2579,P019
2579,P042
2580,P018
2580,P027
2580,P013
2580,P005
2580,P012
2581,P019
2581,P008
2582,P040
2582,P029
2582,P018
2582,P045
2583,P032
2583,P013
2583,P021
2583,P002
2583,P010
2584,P035
2585,P012
2586,P019
2587,P009
2587,P046
2587,P029
2588,P015
2589,P010
2590,P032
2591,P022
2591,P027
2592,P032
2592,P024
2592,P030
2593,P022
2594,P049
2595,P004
2595,P018
2596,P005
2596,P035
2596,P031
2596,P012
2597,P017
2597,P025
2598,P008
2599,P025
2599,P050
2600,P016
2600,P048
2600,P003
2600,P013
2601,P048
2601,P050
2601,P007
2601,P034
2602,P031
2602,P025
2603,P021
2603,P011
2603,P041
2604,P048
2605,P034
2605,P008
2605,P017
2605,P031
2605,P041
2606,P013
2606,P024
2606,P004
2607,P008
2607,P016
2608,P021
2608,P001
2608,P011
2608,P018
2609,P008
2609,P026
2609,P016
2609,P001
2609,P003
2610,P045
2610,P031
2610,P039
2610,P010
2610,P024
2611,P016
2612,P032
2612,P006
2613,P022
2613,P049
2613,P041
2613,P004
2613,P023
2614,P045
2614,P035
2615,P009
2616,P015
2616,P021
2616,P036
2616,P042
2617,P029
2617,P047
2617,P013
2618,P045
2619,P023
2619,P047
2619,P009
2619,P017
2620,P032
2621,P036
2621,P019
2621,P035
2621,P045
2622,P013
2622,P037
2622,P012
2622,P035
2623,P021
2623,P047
2623,P030
2624,P039
2624,P036
2624,P011
2625,P034
2626,P029
2626,P019
2627,P035
2627,P024
2627,P030
2628,P050
2629,P025
2629,P047
2629,P012
2629,P002
2629,P040
2630,P050
2630,P040
2630,P016
2631,P047
2631,P005
2631,P043
2632,P025
2632,P013
2632,P034
2632,P044
2632,P032
2633,P010
2633,P040
2633,P019
2633,P021
2633,P027
2634,P008
2634,P007
2634,P034
2635,P003
2636,P012
2636,P003
2637,P007
2637,P032
2638,P007
2638,P003
2639,P042
2639,P025
2639,P043
2639,P032
2639,P034
2640,P045
2640,P038
2640,P017
2640,P004
2640,P024
2641,P039
2641,P046
2642,P001
2643,P042
2643,P032
2644,P030
2645,P024
2646,P048
2646,P027
2646,P024
2646,P046
2646,P004
2647,P018
2647,P034
2647,P003
2647,P047
2647,P005
2648,P005
2648,P014
2648,P034
2649,P007
2650,P035
2650,P025
2651,P013
2651,P034
2652,P037
2652,P041
2653,P036
2653,P048
2654,P027
2654,P048
2654,P007
2654,P050
2654,P041
2655,P023
2655,P044
2655,P030
2655,P045
2655,P043
2656,P007
2656,P011
2656,P012
2656,P036
2657,P033
2657,P022
2657,P043
2657,P011
2658,P039
2658,P029
2658,P023
2658,P021
2658,P036
2659,P024
2659,P027
2659,P049
2660,P047
2660,P021
2660,P039
2660,P016
2661,P035
2661,P014
2661,P025
2661,P050
2661,P036
2662,P024
2662,P029
2662,P026
2663,P047
2664,P019
2665,P002
2665,P034
2665,P009
2665,P020
2665,P001
2666,P015
2666,P014
2666,P021
2667,P050
2668,P036
2668,P033
2668,P037
2669,P010
2669,P007
2669,P003
2669,P030
2669,P023
2670,P009
2670,P017
2671,P038
2671,P016
2671,P015
2672,P020
2672,P006
2672,P037
2673,P037
2673,P014
2673,P047
2673,P005
2674,P031
2674,P012
2674,P032
2675,P007
2675,P039
2675,P042
2675,P020
2675,P003
2676,P025
2676,P006
2676,P050
2676,P004
2676,P022
2677,P028
2677,P027
2677,P008
2678,P048
2678,P042
2679,P001
2679,P041
2679,P050
2679,P025
2679,P004
2680,P034
2680,P003
2680,P021
2681,P037
2681,P010
2681,P021
2681,P033
2681,P045
2682,P010
2682,P004
2683,P029
2683,P049
2683,P039
2683,P037
2684,P006
2684,P015
2684,P028
2684,P019
2684,P026
2685,P009
2685,P022
2686,P031
2687,P048
2687,P004
2687,P036
2687,P026
2687,P017
2688,P026
2689,P028
2689,P050
2689,P045
2689,P009
2689,P049
2690,P031
2690,P036
2691,P032
2691,P026
2692,P013
2692,P036
2692,P040
2692,P048
2692,P034
2693,P016
2693,P005
2694,P050
2694,P028
2694,P021
2695,P006
2695,P008
2695,P043
2695,P027
2695,P028
2696,P023
2696,P013
2696,P021
2697,P039
2697,P042
2697,P002
2698,P011
2698,P023
2698,P040
2699,P040
2699,P010
2699,P029
2699,P003
2700,P013
2700,P044
2701,P010
2701,P049
2701,P047
2702,P008
2703,P016
2704,P010
2704,P019
2704,P001
2704,P022
2704,P045
2705,P020
2706,P031
2706,P002
2706,P022
2706,P014
2707,P014
2707,P035
2707,P034
2707,P049
2707,P017
2708,P031
2708,P040
2708,P047
2708,P010
2708,P045
2709,P025
2710,P043
2710,P034
2710,P003
2710,P017
2710,P011
2711,P019
2712,P045
2712,P040
2713,P004
2713,P030
2713,P042
2714,P005
2715,P043
2715,P018
2715,P024
2715,P007
2716,P019
2717,P015
2717,P025
2717,P033
2717,P046
2718,P021
2719,P039
2719,P035
2719,P006
2719,P012
2720,P033
2720,P030
2721,P046
2721,P002
2721,P003
2721,P016
2721,P034
2722,P022
2722,P032
2722,P026
2723,P002
2723,P023
2724,P023
2724,P041
2724,P020
2725,P033
2725,P018
2726,P041
2727,P025
2727,P002
2727,P036
2728,P015
2728,P010
2728,P022
2729,P043
2729,P009
2729,P006
2729,P047
2730,P034
2730,P044
2730,P040
2730,P041
2731,P027
2731,P016
2732,P010
2732,P028
2732,P020
2732,P039
2732,P022
2733,P035
2733,P009
2733,P014
2733,P042
2734,P038
2734,P035
2735,P009
2735,P020
2736,P009
2736,P028
2736,P050
2736,P010
2736,P042
2737,P011
2737,P021
2737,P005
2737,P036
2737,P035
2738,P012
2739,P010
2739,P047
2739,P002
2740,P027
2740,P020
2740,P029
2741,P010
2741,P050
2741,P013
2742,P009
2743,P002
2743,P049
2744,P040
2744,P018
2744,P039
2744,P037
2744,P015
2745,P015
2745,P044
2745,P002
2745,P023
2745,P006
2746,P009
2746,P033
2746,P039
2746,P031
2747,P012
2747,P025
2747,P032
2748,P009
2748,P011
2748,P013
2748,P015
2749,P027
2750,P018
2751,P015
2751,P048
2751,P043
2751,P013
2752,P005
2752,P012
2753,P040
2753,P032
2753,P045
2753,P021
2754,P016
2754,P028
2754,P026
2754,P050
2755,P039
2756,P047
2756,P021
2756,P026
2756,P040
2757,P039
2757,P035
2757,P034
2757,P042
2757,P046
2758,P034
2759,P029
2760,P003
2760,P016
2760,P034
2760,P035
2761,P048
2761,P003
2761,P036
2761,P025
2762,P049
2762,P041
2762,P004
2762,P013
2762,P019
2763,P026
2763,P020
2763,P050
2763,P019
2764,P011
2764,P028
2764,P019
2764,P040
2765,P045
2766,P010
2766,P030
2766,P042
2766,P029
2766,P006
2767,P008
2767,P012
2767,P050
2767,P038
2767,P045
2768,P009
2768,P026
2768,P027
2768,P021
2768,P029
2769,P012
2770,P038
2770,P046
2770,P013
2770,P030
2771,P017
2772,P045
2772,P042
2772,P046
2773,P046
2773,P047
2774,P006
2775,P046
2776,P041
2776,P024
2776,P006
2776,P034
2777,P047
2777,P033
2777,P040
2777,P011
2778,P036
2778,P025
2778,P003
2778,P050
2779,P022
2779,P037
2780,P011
2780,P010
2781,P050
2781,P046
2782,P027
2783,P020
2783,P047
2783,P050
2784,P019
2784,P041
2784,P012
2784,P008
2785,P013
2785,P001
2786,P049
2786,P017
2786,P001
2786,P030
2786,P032
2787,P035
2787,P001
2787,P039
2787,P032
2788,P014
2788,P038
2789,P030
2789,P027
2789,P029
2789,P006
2790,P039
2790,P001
2790,P016
2790,P036
2790,P018
2791,P041
2791,P036
2791,P014
2791,P004
2791,P012
2792,P004
2792,P042
2793,P003
2793,P010
2793,P043
2794,P039
2794,P020
2794,P022
2794,P006
2794,P004
2795,P027
2796,P011
2796,P044
2797,P040
2797,P043
2797,P045
2798,P037
2798,P036
2798,P012
2798,P030
2798,P048
2799,P024
2799,P003
2799,P006
2799,P050
2799,P020
2800,P024
2800,P025
2800,P005
2801,P036
2801,P005
2801,P019
2801,P031
2802,P008
2802,P045
2803,P022
2803,P034
2803,P027
2804,P014
2804,P045
2804,P040
2804,P004
2804,P007
2805,P047
2805,P041
2805,P034
2805,P006
2805,P031
2806,P046
2806,P019
2806,P028
2806,P039
2806,P021
2807,P034
2807,P037
2807,P040
2808,P009
2808,P040
2808,P037
2809,P034
2809,P047
2809,P041
2809,P032
2810,P012
2810,P040
2810,P015
2810,P046
2811,P013
2811,P001
2811,P008
2812,P030
2813,P048
2814,P040
2814,P027
2815,P003
2815,P022
2815,P023
2815,P036
2816,P001
2816,P041
2817,P045
2817,P019
2818,P005
2818,P020
2818,P033
2819,P021
2819,P050
2819,P001
2819,P008
2819,P044
2820,P022
2820,P026
2820,P047
2821,P040
2821,P002
2821,P012
2821,P013
2821,P022
2822,P044
2822,P031
2822,P003
2823,P031
2823,P010
2824,P035
2824,P022
2824,P030
2824,P027
2825,P034
2826,P037
2826,P047
2826,P044
2827,P036
2827,P035
2827,P002
2828,P037
2828,P044
2829,P023
2829,P005
2829,P010
2830,P002
2830,P022
2830,P025
2831,P011
2831,P037
2831,P039
2831,P025
2831,P012
2832,P008
2832,P049
2832,P020
2832,P046
2832,P021
2833,P018
2834,P006
2834,P032
2834,P016
2834,P024
2835,P020
2835,P014
2835,P034
2835,P012
2836,P024
2837,P050
2838,P006
2838,P029
2839,P002
2839,P031
2839,P033
2839,P010
2839,P013
2840,P031
2840,P047
2840,P034
2841,P050
2841,P021
2841,P010
2842,P034
2843,P014
2843,P047
2844,P030
2845,P046
2845,P034
2845,P008
2845,P001
2846,P003
2846,P044
2846,P039
2847,P022
2848,P003
2848,P007
2848,P034
2848,P050
2849,P002
2849,P037
2849,P049
2850,P041
2850,P014
2850,P021
2851,P013
2851,P019
2852,P035
2852,P021
2852,P050
2853,P043
2853,P008
2853,P018
2853,P010
2854,P018
2854,P008
2855,P040
2856,P033
2856,P007
2856,P014
2856,P035
2856,P023
2857,P021
2857,P018
2857,P010
2857,P046
2857,P019
2858,P016
2858,P011
2858,P005
2858,P020
2858,P040
2859,P035
2859,P029
2859,P004
2860,P002
2860,P031
2861,P007
2862,P004
2862,P006
2862,P028
2862,P026
2863,P046
2863,P039
2864,P041
2864,P045
2864,P029
2864,P040
2864,P023
2865,P022
2865,P013
2865,P046
2866,P006
2866,P049
2866,P030
2866,P037
2866,P009
2867,P045
2868,P007
2868,P030
2868,P020
2868,P044
2869,P031
2869,P015
2869,P010
2869,P040
2870,P024
2870,P026
2870,P012
2871,P021
2871,P030
2871,P032
2872,P005
2873,P008
2873,P023
2873,P031
2873,P030
2874,P019
2874,P050
2875,P039
2875,P037
2875,P009
2876,P007
2876,P026
2876,P046
2876,P021
2876,P036
2877,P020
2878,P030
2878,P026
2878,P038
2878,P027
2878,P016
2879,P016
2879,P036
2879,P011
2879,P031
2879,P025
2880,P022
2881,P045
2881,P038
2882,P028
2882,P037
2882,P022
2882,P035
2883,P012
2883,P043
2884,P048
2885,P032
2885,P008
2885,P038
2885,P039
2885,P030
2886,P036
2886,P007
2886,P029
2887,P020
2887,P026
2888,P039
2889,P044
2890,P050
2890,P025
2890,P021
2890,P032
2890,P042
2891,P006
2892,P009
2892,P038
2893,P049
2894,P043
2894,P010
2895,P035
2895,P019
2895,P025
2895,P040
2896,P029
2896,P013
2896,P014
2896,P044
2896,P021
2897,P037
2897,P044
2897,P020
2898,P046
2898,P023
2898,P006
2898,P038
2899,P040
2900,P026
2900,P009
2900,P019
2900,P004
2900,P024
2901,P004
2901,P001
2901,P046
2901,P036
2901,P023
2902,P019
2903,P016
2904,P045
2904,P038
2904,P026
2904,P041
2905,P046
2905,P025
2905,P026
2906,P028
2906,P035
2906,P014
2906,P043
2907,P031
2907,P009
2908,P036
2908,P025
2909,P027
2909,P010
2909,P019
2910,P009
2910,P001
2911,P042
2912,P010
2913,P043
2913,P028
2913,P009
2913,P006
2914,P042
2914,P027
2915,P045
2915,P039
2915,P028
2915,P040
2916,P030
2916,P033
2917,P036
2917,P029
2917,P025
2917,P023
2918,P012
2918,P028
2919,P001
2919,P037
2919,P032
2919,P047
2919,P016
2920,P018
2920,P027
2920,P035
2920,P037
2920,P024
2921,P003
2922,P031
2922,P046
2922,P024
2922,P008
2922,P038
2923,P045
2923,P006
2923,P010
2923,P047
2924,P049
2924,P050
2924,P018
2924,P030
2924,P034
2925,P034
2926,P006
2926,P016
2926,P031
2926,P041
2926,P048
2927,P044
2928,P038
2928,P020
2928,P040
2928,P004
2928,P022
2929,P050
2929,P001
2929,P031
2929,P030
2929,P033
2930,P037
2930,P047
2930,P022
2930,P027
2931,P019
2931,P011
2931,P003
2932,P048
2932,P020
2932,P047
2932,P037
2932,P017
2933,P041
2934,P038
2934,P011
2934,P037
2934,P004
2935,P048
2935,P040
2935,P002
2936,P032
2936,P006
2936,P009
2937,P005
2937,P018
2937,P017
2937,P009
2937,P040
2938,P018
2938,P017
2938,P001
2939,P039
2940,P038
2940,P048
2941,P043
2941,P029
2942,P012
2942,P017
2942,P045
2943,P032
2943,P012
2944,P003
2944,P022
2944,P006
2944,P010
2944,P039
2945,P032
2945,P049
2946,P050
2946,P025
2946,P016
2946,P043
2947,P047
2947,P041
2947,P011
2947,P014
2948,P047
2948,P023
2948,P004
2948,P042
2948,P017
2949,P004
2950,P030
2950,P026
2951,P020
2951,P031
2951,P048
2951,P049
2952,P015
2952,P025
2952,P044
2952,P046
2952,P031
2953,P010
2953,P034
2953,P028
2954,P019
2955,P025
2955,P044
2955,P021
2955,P034
2956,P007
2957,P041
2957,P023
2957,P028
2957,P040
2957,P042
2958,P022
2958,P018
2958,P007
2959,P042
2959,P038
2959,P026
2960,P050
2960,P044
2960,P048
2960,P016
2961,P050
2961,P013
2961,P034
2961,P022
2961,P044
2962,P021
2962,P036
2963,P044
2964,P005
2965,P027
2966,P034
2967,P044
2968,P023
2968,P015
2968,P047
2968,P019
2969,P013
2969,P003
2969,P002
2970,P006
2970,P004
2970,P039
2970,P043
2970,P014
2971,P041
2971,P008
2971,P046
2971,P006
2971,P039
2972,P025
2972,P043
2973,P012
2973,P008
2973,P045
2973,P017
2973,P019
2974,P043
2974,P005
2974,P041
2974,P030
2975,P050
2975,P028
2975,P045
2976,P017
2976,P011
2976,P050
2977,P018
2978,P025
2979,P022
2979,P004
2979,P017
2979,P012
2980,P005
2980,P032
2980,P013
2980,P040
2981,P012
2981,P042
2981,P032
2981,P007
2982,P035
2982,P050
2983,P014
2983,P040
2983,P042
2983,P007
2984,P046
2984,P017
2984,P007
2984,P003
2985,P005
2986,P047
2986,P017
2986,P050
2986,P029
2986,P002
2987,P010
2987,P042
2987,P041
2987,P001
2988,P043
2989,P018
2989,P010
2989,P045
2989,P022
2990,P037
2990,P001
2990,P033
2990,P046
2991,P031
2991,P028
2991,P026
2991,P047
2992,P035
2993,P001
2993,P025
2994,P008
2994,P037
2994,P035
2994,P023
2995,P044
2995,P020
2995,P026
2996,P041
2997,P024
2998,P022
2998,P006
2998,P030
2998,P049
2998,P050
2999,P042
2999,P013
2999,P012
3000,P003
3000,P025
3000,P043
3000,P013
3000,P020
3001,P007
3001,P041
3001,P045
3001,P023
3002,P006
3002,P041
3002,P029
3002,P048
3003,P009
3003,P003
3004,P002
3004,P047
3005,P016
3005,P032
3005,P025
3005,P005
3005,P035
3006,P032
3006,P035
3006,P029
3007,P003
3008,P004
3008,P022
3008,P047
3009,P026
3010,P014
3011,P030
3011,P044
3011,P035
3011,P010
3011,P048
3012,P015
3012,P005
3012,P003
3012,P048
3012,P010
3013,P042
3013,P002
3013,P031
3013,P040
3014,P016
3015,P001
3015,P012
3016,P020
3017,P030
3018,P011
3018,P038
3018,P005
3018,P007
3018,P008
3019,P039
3019,P040
3019,P015
3019,P005
3020,P028
3020,P022
3021,P021
3021,P008
3021,P044
3021,P037
3022,P009
3022,P021
3022,P014
3022,P049
3022,P003
3023,P012
3023,P022
3023,P005
3023,P008
3023,P018
3024,P049
3024,P027
3025,P045
3025,P024
3026,P011
3026,P029
3026,P016
3026,P038
3026,P003
3027,P007
3027,P041
3028,P025
3028,P050
3028,P011
3028,P002
3028,P032
3029,P001
3030,P012
3031,P046
3032,P019
3032,P027
3032,P045
3032,P050
3032,P031
3033,P014
3033,P010
3034,P034
3034,P029
3034,P027
3035,P012
3035,P040
3036,P039
3037,P046
3037,P032
3038,P006
3038,P041
3038,P020
3038,P023
3038,P027
3039,P036
3040,P013
3040,P008
3041,P007
3041,P040
3041,P024
3041,P049
3041,P035
3042,P015
3042,P030
3042,P050
3042,P041
3042,P043
3043,P018
3043,P004
3044,P008
3044,P010
3045,P032
3045,P012
3045,P011
3045,P043
3046,P004
3047,P019
3047,P014
3047,P028
3048,P022
3048,P040
3048,P049
3049,P003
3049,P007
3049,P048
3049,P004
3050,P012
3050,P011
3050,P002
3050,P032
3050,P033
3051,P005
3052,P047
3052,P029
3053,P038
3053,P021
3053,P027
3053,P013
3053,P048
3054,P015
3054,P050
3054,P008
3055,P015
3055,P007
3055,P016
3056,P013
3056,P025
3056,P015
3056,P005
3057,P038
3057,P032
3057,P004
3057,P028
3058,P014
3058,P040
3059,P012
3059,P025
3059,P024
3059,P009
3060,P047
3060,P013
3060,P041
3060,P023
3061,P013
3061,P022
3061,P009
3062,P045
3063,P004
3063,P018
3063,P009
3063,P008
3063,P030
3064,P027
3064,P011
3064,P049
3064,P022
3065,P019
3065,P039
3066,P041
3066,P040
3067,P037
3067,P036
3068,P006
3068,P027
3069,P032
3069,P014
3069,P038
3069,P031
3069,P030
3070,P001
3070,P047
3070,P028
3071,P016
3071,P021
3072,P038
3072,P015
3072,P010
3072,P037
3073,P027
3074,P003
3075,P047
3075,P050
3075,P033
3075,P003
3076,P034
3076,P026
3076,P031
3076,P045
3077,P029
3078,P016
3078,P006
3078,P036
3078,P049
3079,P045
3080,P014
3080,P009
3080,P023
3080,P019
3081,P042
3081,P006
3082,P031
3083,P011
3083,P046
3083,P030
3084,P048
3084,P038
3084,P002
3084,P030
3084,P050
3085,P046
3085,P026
3086,P024
3086,P041
3087,P046
3087,P041
3087,P001
3087,P005
3088,P045
3088,P022
3088,P034
3088,P003
3089,P028
3089,P049
3089,P018
3090,P035
3090,P037
3090,P014
3090,P044
3090,P006
3091,P022
3091,P048
3091,P004
3091,P033
3091,P044
3092,P004
3092,P008
3092,P025
3093,P030
3093,P040
3093,P003
3094,P024
3094,P012
3094,P042
3095,P046
3095,P005
3095,P036
3095,P050
3095,P014
3096,P022
3096,P016
3097,P008
3097,P042
3097,P031
3097,P048
3097,P049
3098,P045
3098,P014
3098,P049
3098,P048
3098,P015
3099,P023
3099,P018
3099,P033
3100,P018
3100,P004
3100,P005
3100,P024
3101,P029
3101,P032
3101,P033
3102,P008
3102,P031
3102,P046
3102,P035
3102,P044
3103,P019
3103,P029
3103,P040
3103,P024
3103,P044
3104,P013
3105,P006
3105,P026
3105,P012
3105,P019
3106,P007
3107,P018
3107,P008
3108,P032
3108,P010
3109,P034
3109,P041
3110,P019
3111,P044
3111,P035
3111,P009
3111,P031
3112,P027
3112,P029
3112,P048
3113,P019
3114,P005
3114,P002
3115,P034
3115,P042
3116,P027
3116,P038
3116,P022
3117,P032
3117,P038
3117,P043
3118,P036
3118,P029
3118,P030
3118,P020
3118,P037
3119,P020
3119,P011
3120,P015
3120,P031
3120,P024
3121,P050
3121,P004
3121,P010
3122,P019
3122,P030
3122,P011
3123,P011
3123,P046
3123,P035
3123,P019
3123,P012
3124,P046
3124,P045
3125,P011
3125,P016
3126,P003
3127,P037
3127,P009
3127,P029
3128,P024
3128,P012
3128,P014
3129,P046
3129,P003
3129,P043
3129,P021
3129,P023
3130,P024
3130,P029
3131,P011
3131,P035
3131,P020
3131,P008
3131,P002
3132,P032
3132,P050
3132,P010
3132,P030
3133,P010
3133,P001
3133,P048
3134,P033
3134,P022
3134,P042
3134,P046
3134,P019
3135,P019
3135,P049
3135,P037
3135,P043
3136,P037
3136,P047
3137,P022
3137,P045
3137,P008
3137,P047
3138,P003
3138,P009
3138,P044
3138,P036
3139,P020
3140,P026
3141,P015
3141,P029
3141,P023
3141,P006
3141,P021
3142,P039
3143,P038
3143,P034
3144,P050
3144,P018
3145,P002
3145,P006
3146,P029
3146,P044
3146,P043
3146,P006
3146,P033
3147,P013
3147,P032
3147,P021
3147,P039
3148,P033
3148,P004
3148,P043
3148,P024
3148,P026
3149,P046
3149,P028
3150,P025
3150,P024
3150,P001
3151,P023
3151,P020
3151,P029
3152,P006
3152,P014
3152,P047
3152,P029
3152,P048
3153,P029
3153,P019
3153,P011
3153,P047
3154,P047
3154,P027
3154,P009
3154,P038
3155,P006
3155,P010
3155,P014
3155,P020
3155,P031
3156,P022
3156,P005
3156,P038
3156,P049
3156,P025
3157,P001
3158,P041
3158,P018
3158,P027
3158,P012
3159,P030
3159,P046
3159,P037
3159,P049
3159,P009
3160,P012
3160,P025
3161,P036
3161,P032
3161,P003
3162,P038
3162,P020
3162,P032
3163,P048
3163,P030
3163,P015
3163,P002
3163,P001
3164,P017
3164,P020
3165,P008
3165,P042
3165,P043
3165,P019
3166,P012
3166,P032
3166,P045
3166,P042
3167,P002
3167,P008
3168,P032
3168,P005
3168,P039
3169,P038
3169,P031
3169,P037
3170,P017
3170,P041
3170,P044
3170,P031
3171,P024
3172,P047
3172,P037
3172,P002
3172,P017
3172,P011
3173,P004
3173,P010
3173,P021
3173,P030
3173,P045
3174,P023
3174,P011
3175,P018
3176,P027
3176,P041
3176,P023
3177,P019
3178,P034
3178,P041
3178,P005
3179,P013
3179,P050
3179,P041
3179,P012
3179,P049
3180,P039
3181,P035
3181,P021
3182,P044
3182,P020
3182,P018
3183,P007
3183,P035
3183,P038
3184,P010
3184,P001
3184,P009
3185,P019
3185,P024
3185,P050
3185,P032
3185,P027
3186,P011
3186,P007
3186,P014
3187,P033
3187,P015
3188,P036
3188,P040
3189,P035
3189,P046
3189,P036
3189,P045
3189,P049
3190,P027
3191,P005
3191,P008
3191,P009
3191,P002
3192,P023
3192,P020
3192,P045
3192,P024
3193,P029
3193,P039
3194,P049
3194,P022
3194,P012
3194,P046
3194,P020
3195,P048
3196,P015
3197,P045
3197,P010
3198,P020
3198,P009
3199,P009
3199,P006
3200,P045
3200,P049
3200,P008
3200,P005
3201,P050
3202,P049
3202,P028
3202,P003
3202,P013
3203,P003
3204,P038
3204,P004
3204,P031
3204,P008
3204,P017
3205,P005
3206,P043
3206,P001
3206,P049
3207,P008
3208,P014
3208,P038
3208,P013
3208,P012
3208,P043
3209,P002
3209,P006
3209,P010
3210,P038
3210,P023
3210,P011
3211,P050
3211,P047
3211,P040
3211,P016
3211,P033
3212,P005
3212,P007
3212,P038
3212,P049
3212,P001
3213,P014
3213,P046
3213,P013
3213,P019
3213,P011
3214,P001
3214,P047
3214,P007
3214,P014
3214,P033
3215,P024
3215,P045
3215,P038
3215,P012
3216,P044
3216,P007
3216,P012
3216,P023
3217,P028
3217,P014
3217,P033
3217,P015
3218,P008
3218,P049
3218,P021
3218,P030
3219,P034
3220,P032
3220,P049
3221,P046
3221,P019
3221,P036
3222,P006
3223,P032
3223,P008
3223,P025
3224,P030
3224,P039
3224,P048
3225,P044
3225,P029
3225,P015
3226,P027
3226,P019
3226,P028
3226,P013
3226,P005
3227,P044
3227,P024
3227,P012
3227,P001
3228,P044
3228,P007
3228,P026
3228,P029
3229,P043
3229,P044
3229,P006
3229,P008
3229,P010
3230,P026
3230,P045
3230,P038
3230,P007
3231,P005
3231,P024
3232,P022
3232,P013
3233,P026
3233,P008
3233,P015
3233,P028
3233,P047
3234,P018
3234,P049
3234,P046
3234,P050
3235,P038
3235,P018
3235,P049
3235,P042
3235,P026
3236,P031
3236,P043
3236,P039
3237,P032
3237,P033
3237,P018
3237,P010
3238,P007
3238,P008
3238,P017
3238,P032
3239,P015
3239,P041
3239,P009
3239,P002
3240,P048
3241,P005
3242,P044
3242,P002
3242,P012
3242,P025
3243,P044
3243,P021
3243,P010
3243,P020
3243,P040
3244,P007
3244,P049
3244,P005
3244,P043
3244,P034
3245,P030
3245,P013
3245,P019
3245,P043
3246,P032
3246,P033
3246,P017
3246,P035
3247,P035
3247,P002
3247,P049
3248,P028
3249,P025
3250,P021
3250,P025
3250,P029
3250,P030
3251,P003
3252,P036
3252,P043
3253,P046
3253,P011
3253,P032
3254,P009
3254,P020
3254,P046
3254,P025
3255,P049
3255,P008
3255,P037
3255,P044
3256,P043
3256,P036
3256,P044
3256,P035
3257,P031
3257,P036
3257,P011
3257,P033
3257,P004
3258,P017
3258,P032
3258,P038
3258,P025
3259,P044
3259,P023
3259,P050
3259,P019
3259,P021
3260,P002
3261,P003
3261,P009
3261,P024
3261,P023
3261,P048
3262,P002
3262,P049
3262,P041
3262,P022
3262,P025
3263,P028
3264,P023
3264,P027
3264,P004
3265,P016
3265,P042
3266,P038
3266,P006
3266,P045
3267,P020
3268,P022
3269,P002
3269,P035
3270,P003
3270,P030
3270,P043
3271,P037
3271,P033
3271,P027
3271,P018
3272,P045
3273,P038
3273,P002
3273,P021
3273,P025
3274,P025
3274,P021
3274,P037
3274,P007
3274,P032
3275,P045
3276,P022
3276,P032
3277,P049
3277,P043
3277,P022
3277,P011
3277,P040
3278,P024
3278,P028
3278,P013
3279,P041
3279,P005
3279,P035
3279,P014
3280,P017
3280,P004
3280,P020
3281,P026
3281,P015
3281,P040
3281,P048
3281,P006
3282,P007
3282,P038
3282,P022
3282,P018
3282,P005
3283,P034
3283,P031
3283,P028
3283,P014
3283,P023
3284,P042
3285,P033
3285,P020
3285,P028
3286,P021
3286,P013
3286,P027
3286,P026
3286,P017
3287,P033
3287,P030
3287,P043
3287,P049
3287,P036
3288,P002
3288,P041
3289,P012
3289,P037
3289,P032
3289,P014
3289,P043
3290,P018
3290,P041
3290,P035
3290,P040
3291,P037
3291,P047
3291,P041
3291,P004
3292,P013
3292,P024
3292,P030
3292,P010
3292,P016
3293,P048
3293,P044
3294,P028
3294,P027
3294,P021
3295,P041
3296,P027
3296,P018
3297,P042
3297,P011
3297,P017
3298,P016
3298,P026
3298,P008
3298,P010
3298,P013
3299,P016
3300,P030
3300,P032
3300,P036
3301,P028
3301,P042
3301,P003
3301,P013
3302,P018
3302,P009
3303,P017
3304,P043
3304,P036
3304,P012
3305,P047
3306,P002
3306,P004
3306,P006
3306,P021
3307,P020
3307,P005
3307,P027
3307,P024
3307,P043
3308,P026
3309,P016
3309,P008
3310,P048
3310,P033
3310,P008
3310,P034
3310,P043
3311,P050
3311,P034
3311,P017
3311,P032
3311,P006
3312,P039
3312,P008
3313,P022
3313,P038
3313,P048
3314,P048
3314,P016
3314,P028
3314,P014
3315,P007
3315,P012
3316,P018
3316,P029
3317,P017
3317,P038
3317,P004
3317,P032
3318,P024
3318,P045
3318,P008
3318,P021
3318,P035
3319,P031
3319,P044
3319,P016
3319,P018
3320,P024
3320,P031
3321,P020
3321,P002
3321,P042
3322,P003
3322,P048
3322,P043
3322,P004
3322,P045
3323,P017
3323,P036
3324,P020
3324,P041
3324,P045
3324,P024
3325,P035
3326,P029
3326,P025
3327,P026
3328,P020
3328,P006
3328,P049
3329,P020
3329,P014
3330,P029
3330,P041
3331,P050
3331,P042
3331,P027
3332,P018
3333,P050
3334,P031
3334,P048
3334,P027
3334,P022
3335,P007
3335,P011
3335,P045
3335,P017
3336,P005
3336,P023
3336,P027
3336,P039
3336,P047
3337,P048
3337,P021
3337,P030
3337,P045
3337,P002
3338,P042
3339,P041
3339,P029
3340,P001
3340,P026
3341,P041
3341,P020
3342,P037
3342,P006
3342,P008
3343,P016
3343,P034
3344,P039
3344,P044
3345,P021
3345,P029
3345,P031
3345,P048
3346,P017
3346,P012
3347,P021
3347,P019
3347,P013
3347,P006
3347,P027
3348,P012
3348,P026
3348,P025
3349,P015
3349,P002
3349,P036
3349,P042
3349,P040
3350,P006
3350,P030
3351,P017
3351,P045
3352,P004
3352,P026
3353,P028
3353,P039
3353,P017
3353,P010
3353,P006
3354,P011
3354,P037
3354,P008
3355,P046
3356,P028
3356,P050
3356,P030
3356,P044
3356,P032
3357,P015
3358,P013
3358,P018
3359,P048
3359,P032
3359,P025
3360,P028
3360,P014
3361,P014
3361,P019
3361,P047
3361,P044
3361,P013
3362,P012
3362,P027
3362,P010
3362,P002
3363,P017
3363,P016
3363,P040
3364,P016
3364,P024
3364,P038
3364,P044
3365,P006
3365,P001
3365,P031
3365,P009
3366,P045
3366,P026
3366,P044
3367,P046
3367,P025
3368,P048
3368,P039
3368,P017
3368,P005
3369,P036
3370,P004
3371,P016
3371,P031
3371,P023
3372,P043
3372,P039
3372,P046
3372,P048
3372,P003
3373,P017
3374,P040
3374,P025
3374,P020
3374,P026
3374,P043
3375,P009
3375,P036
3375,P003
3376,P012
3376,P017
3376,P011
3376,P033
3376,P032
3377,P030
3377,P009
3377,P006
3378,P046
3378,P034
3378,P028
3379,P017
3379,P008
3380,P003
3380,P009
3380,P032
3381,P048
3381,P024
3381,P028
3382,P017
3382,P040
3382,P049
3383,P034
3383,P021
3383,P028
3384,P021
3384,P048
3385,P049
3385,P010
3385,P036
3385,P043
3386,P004
3386,P013
3386,P010
3386,P015
3387,P003
3387,P031
3388,P011
3388,P046
3388,P030
3389,P008
3389,P032
3389,P003
3389,P029
3390,P046
3390,P036
3390,P032
3391,P032
3391,P008
3391,P047
3391,P010
3392,P023
3393,P014
3394,P012
3394,P011
3394,P048
3395,P018
3395,P037
3395,P043
3395,P038
3395,P014
3396,P001
3396,P034
3396,P050
3396,P037
3396,P012
3397,P005
3397,P016
3397,P050
3397,P032
3398,P022
3399,P019
3400,P026
3401,P038
3401,P007
3401,P021
3402,P002
3402,P006
3403,P046
3403,P043
3403,P031
3403,P030
3404,P039
3404,P043
3404,P001
3405,P003
3405,P042
3405,P040
3406,P021
3406,P047
3406,P037
3406,P009
3407,P004
3407,P042
3408,P021
3408,P004
3408,P048
3409,P036
3410,P025
3410,P006
3410,P026
3410,P017
3410,P012
3411,P050
3411,P026
3412,P002
3413,P011
3413,P025
3414,P019
3414,P042
3414,P049
3414,P010
3415,P020
3416,P028
3416,P048
3416,P020
3416,P044
3417,P009
3417,P023
3417,P043
3417,P007
3417,P024
3418,P013
3418,P032
3418,P029
3418,P025
3418,P031
3419,P037
3419,P039
3419,P028
3420,P049
3421,P024
3421,P040
3421,P012
3421,P028
3422,P006
3422,P003
3422,P033
3422,P022
3423,P044
3423,P015
3423,P042
3423,P046
3424,P032
3424,P034
3425,P006
3425,P019
3425,P030
3425,P028
3425,P031
3426,P010
3426,P009
3426,P044
3427,P016
3427,P034
3427,P028
3428,P037
3428,P004
3428,P036
3429,P003
3430,P007
3430,P033
3430,P028
3430,P027
3430,P030
3431,P017
3431,P023
3431,P038
3431,P006
3431,P050
3432,P002
3432,P008
3432,P048
3432,P043
3432,P030
3433,P012
3433,P026
3434,P006
3435,P046
3435,P020
3435,P021
3435,P038
3436,P049
3436,P043
3436,P029
3436,P040
3437,P022
3437,P012
3437,P014
3438,P006
3438,P048
3439,P017
3439,P044
3439,P007
3439,P028
3439,P035
3440,P001
3441,P008
3441,P001
3441,P011
3441,P042
3442,P030
3442,P045
3442,P026
3442,P043
3443,P047
3443,P032
3443,P020
3443,P040
3443,P024
3444,P020
3444,P006
3444,P009
3444,P001
3445,P008
3445,P002
3446,P002
3446,P014
3447,P042
3447,P010
3447,P016
3447,P028
3448,P013
3448,P006
3448,P020
3448,P050
3448,P030
3449,P031
3449,P028
3450,P008
3451,P010
3451,P048
3452,P032
3452,P031
3452,P002
3452,P029
3453,P016
3453,P013
3453,P019
3453,P037
3453,P026
3454,P022
3455,P007
3456,P027
3456,P032
3456,P048
3456,P038
3457,P047
3457,P036
3457,P019
3457,P003
3457,P032
3458,P032
3458,P033
3458,P038
3458,P047
3459,P044
3459,P032
3459,P015
3459,P046
3459,P004
3460,P002
3460,P028
3460,P037
3460,P021
3460,P036
3461,P018
3462,P031
3462,P008
3462,P032
3462,P040
3463,P029
3463,P045
3463,P028
3464,P011
3465,P047
3465,P013
3465,P031
3466,P029
3466,P015
3466,P033
3467,P038
3467,P044
3468,P039
3468,P046
3468,P043
3469,P009
3469,P019
3469,P047
3469,P046
3470,P027
3470,P044
3470,P042
3470,P048
3471,P031
3471,P011
3471,P040
3472,P019
3472,P045
3473,P043
3474,P009
3474,P012
3474,P013
3474,P011
3475,P032
3475,P007
3475,P027
3475,P020
3475,P016
3476,P036
3476,P004
3477,P023
3478,P023
3478,P044
3478,P011
3479,P033
3479,P003
3480,P022
3481,P008
3481,P040
3481,P015
3481,P036
3482,P032
3482,P017
3483,P023
3483,P050
3483,P003
3484,P018
3484,P010
3484,P045
3484,P033
3484,P039
3485,P046
3486,P029
3487,P049
3487,P008
3487,P007
3487,P040
3488,P007
3488,P036
3488,P003
3488,P033
3488,P011
3489,P014
3490,P011
3490,P047
3490,P019
3491,P049
3491,P033
3491,P032
3491,P047
3492,P010
3493,P022
3493,P009
3493,P008
3494,P029
3494,P027
3495,P016
3496,P022
3496,P019
3496,P033
3496,P011
3497,P018
3498,P046
3498,P049
3498,P027
3499,P041
3499,P043
3499,P016
3500,P049
3500,P034
3501,P015
3501,P009
3501,P028
3501,P027
3502,P030
3502,P034
3502,P044
3502,P024
3503,P029
3504,P050
3504,P001
3505,P005
3505,P006
3505,P022
3505,P021
3505,P026
3506,P028
3506,P004
3507,P049
3507,P003
3507,P043
3507,P042
3508,P037
3508,P004
3509,P019
3509,P027
3509,P026
3509,P044
3509,P045
3510,P020
3510,P047
3510,P048
3510,P021
3510,P023
3511,P018
3512,P040
3512,P010
3512,P045
3512,P026
3512,P029
3513,P035
3513,P040
3514,P042
3514,P029
3514,P045
3514,P023
3514,P026
3515,P020
3515,P006
3516,P035
3517,P025
3517,P047
3517,P048
3518,P034
3518,P035
3519,P014
3519,P006
3519,P033
3520,P020
3520,P034
3520,P022
3520,P049
3520,P041
3521,P002
3521,P035
3522,P017
3522,P016
3522,P050
3522,P020
3522,P047
3523,P033
3523,P008
3523,P047
3523,P004
3524,P017
3524,P041
3524,P033
3525,P008
3525,P004
3525,P049
3526,P029
3527,P037
3527,P048
3527,P001
3528,P022
3528,P016
3528,P048
3528,P038
3529,P046
3529,P041
3529,P043
3529,P035
3529,P039
3530,P023
3530,P020
3531,P043
3531,P046
3531,P037
3532,P046
3532,P025
3533,P048
3533,P016
3533,P007
3533,P021
3533,P034
3534,P013
3534,P050
3534,P024
3534,P030
3534,P007
3535,P046
3535,P028
3536,P006
3536,P004
3536,P028
3536,P009
3537,P014
3537,P029
3537,P005
3537,P024
3538,P026
3538,P038
3538,P036
3538,P034
3538,P050
3539,P017
3539,P038
3539,P032
3539,P041
3540,P029
3540,P045
3540,P032
3540,P047
3541,P011
3541,P010
3541,P033
3541,P009
3542,P046
3542,P030
3542,P009
3542,P033
3543,P008
3543,P045
3543,P014
3543,P030
3543,P031
3544,P048
3545,P036
3545,P024
3546,P039
3547,P008
3547,P024
3547,P037
3547,P019
3548,P034
3549,P008
3549,P024
3550,P024
3550,P020
3550,P019
3551,P002
3551,P010
3551,P038
3551,P027
3552,P020
3553,P014
3553,P012
3553,P048
3554,P001
3554,P008
3554,P036
3554,P023
3555,P003
3556,P031
3556,P037
3556,P020
3556,P029
3557,P025
3557,P031
3557,P047
3558,P009
3558,P049
3558,P033
3558,P041
3558,P030
3559,P043
3559,P029
3559,P010
3559,P047
3560,P006
3560,P040
3560,P043
3561,P027
3561,P025
3561,P015
3561,P026
3561,P022
3562,P003
3562,P043
3562,P029
3562,P048
3562,P018
3563,P011
3564,P037
3565,P036
3565,P042
3565,P008
3566,P006
3566,P013
3566,P040
3566,P035
3566,P037
3567,P037
3568,P013
3568,P049
3568,P031
3568,P033
3568,P002
3569,P043
3570,P012
3570,P002
3570,P018
3570,P014
3570,P016
3571,P029
3571,P006
3571,P035
3571,P039
3571,P021
3572,P038
3572,P003
3572,P032
3572,P002
3573,P028
3573,P012
3573,P027
3574,P034
3575,P025
3575,P017
3575,P006
3576,P007
3577,P011
3577,P019
3577,P010
3577,P012
3577,P017
3578,P010
3579,P027
3579,P044
3579,P011
3580,P040
3581,P012
3581,P002
3581,P046
3582,P020
3583,P007
3583,P021
3583,P010
3583,P027
3584,P017
3584,P025
3584,P008
3585,P013
3586,P049
3586,P039
3587,P016
3587,P032
3587,P033
3587,P049
3587,P025
3588,P018
3589,P021
3590,P036
3590,P027
3590,P005
3590,P031
3591,P027
3592,P002
3592,P018
3593,P038
3593,P044
3593,P007
3593,P016
3593,P049
3594,P042
3594,P009
3594,P020
3594,P037
3594,P027
3595,P006
3595,P041
3595,P033
3595,P014
3596,P024
3596,P035
3597,P016
3597,P035
3598,P036
3598,P029
3598,P003
3598,P001
3599,P040
3599,P019
3599,P042
3599,P011
3600,P004
3601,P018
3601,P039
3601,P017
3601,P044
3602,P023
3602,P041
3602,P014
3602,P038
3603,P019
3603,P003
3603,P011
3603,P048
3603,P035
3604,P005
3604,P020
3604,P006
3604,P026
3604,P045
3605,P009
3606,P018
3606,P028
3606,P014
3606,P040
3606,P033
3607,P044
3607,P022
3607,P041
3608,P049
3608,P046
3608,P029
3609,P016
3609,P043
3609,P021
3610,P014
3610,P030
3610,P039
3611,P002
3611,P045
3611,P009
3612,P039
3613,P001
3613,P044
3613,P012
3613,P027
3614,P045
3614,P046
3614,P032
3614,P049
3614,P026
3615,P006
3615,P042
3615,P005
3615,P035
3615,P002
3616,P044
3616,P008
3616,P023
3616,P025
3617,P023
3617,P025
3617,P012
3617,P050
3617,P045
3618,P008
3619,P024
3619,P013
3619,P029
3619,P001
3620,P048
3620,P002
3621,P044
3621,P046
3621,P023
3622,P006
3622,P040
3623,P046
3623,P015
3623,P032
3624,P003
3624,P018
3624,P032
3625,P014
3625,P001
3625,P013
3625,P041
3625,P026
3626,P018
3627,P033
3627,P032
3627,P011
3627,P036
3627,P013
3628,P044
3628,P039
3628,P037
3628,P012
3628,P005
3629,P009
3629,P048
3629,P005
3629,P017
3629,P037
3630,P034
3630,P047
3631,P013
3631,P044
3631,P002
3632,P040
3632,P017
3632,P044
3632,P036
3632,P030
3633,P028
3634,P021
3635,P027
3635,P018
3635,P008
3635,P044
3636,P030
3636,P032
3636,P024
3636,P034
3636,P049
3637,P047
3638,P004
3638,P018
3639,P035
3639,P029
3639,P021
3639,P001
3640,P013
3640,P022
3640,P006
3640,P037
3641,P048
3642,P045
3642,P028
3643,P016
3644,P011
3644,P022
3645,P005
3645,P041
3645,P007
3646,P031
3647,P002
3647,P038
3647,P041
3647,P022
3648,P016
3648,P007
3648,P031
3649,P022
3649,P004
3650,P034
3650,P016
3650,P005
3651,P040
3651,P029
3651,P049
3651,P007
3651,P041
3652,P038
3652,P008
3652,P006
3652,P004
3653,P025
3654,P045
3654,P005
3654,P009
3655,P029
3656,P020
3657,P041
3657,P028
3657,P005
3657,P007
3657,P044
3658,P036
3659,P019
3660,P026
3660,P007
3660,P040
3660,P049
3661,P015
3661,P039
3661,P043
3661,P040
3662,P030
3663,P030
3663,P028
3663,P040
3663,P007
3664,P042
3664,P044
3664,P002
3665,P034
3665,P022
3665,P038
3665,P013
3666,P007
3667,P039
3668,P038
3669,P037
3669,P009
3670,P017
3670,P023
3670,P027
3670,P031
3670,P047
3671,P029
3671,P012
3671,P016
3671,P009
3671,P003
3672,P009
3673,P038
3673,P028
3673,P033
3674,P020
3674,P038
3674,P035
3675,P010
3675,P031
3676,P039
3676,P022
3676,P019
3677,P001
3677,P034
3677,P038
3678,P004
3678,P016
3679,P036
3679,P004
3679,P028
3679,P023
3679,P013
3680,P041
3680,P013
3681,P022
3682,P043
3682,P031
3683,P039
3683,P045
3683,P022
3683,P038
3684,P022
3684,P040
3684,P020
3684,P027
3684,P011
3685,P030
3686,P032
3687,P001
3687,P041
3688,P045
3688,P015
3689,P040
3689,P014
3689,P016
3689,P031
3690,P048
3690,P025
3690,P014
3691,P012
3691,P001
3691,P024
3691,P005
3692,P002
3692,P036
3692,P008
3693,P019
3693,P029
3694,P041
3694,P038
3695,P003
3695,P002
3695,P013
3696,P019
3696,P012
3697,P017
3697,P047
3698,P022
3698,P036
3699,P012
3699,P013
3700,P012
3701,P007
3701,P002
3701,P044
3702,P025
3702,P042
3703,P022
3704,P020
3704,P030
3705,P024
3705,P043
3706,P034
3706,P040
3707,P046
3707,P005
3707,P008
3707,P010
3708,P013
3708,P035
3709,P045
3709,P024
3709,P021
3709,P039
3710,P041
3710,P016
3710,P003
3710,P049
3711,P038
3711,P013
3711,P035
3711,P019
3711,P010
3712,P016
3712,P004
3712,P041
3713,P009
3713,P033
3713,P038
3714,P014
3714,P047
3714,P006
3714,P031
3715,P005
3715,P011
3715,P033
3715,P025
3715,P049
3716,P024
3716,P032
3716,P034
3716,P030
3716,P012
3717,P046
3717,P024
3717,P034
3718,P046
3718,P032
3718,P031
3718,P018
3719,P026
3719,P041
3719,P038
3719,P042
3719,P003
3720,P015
3720,P013
3721,P016
3721,P026
3721,P014
3721,P020
3722,P025
3722,P037
3722,P011
3722,P024
3723,P036
3723,P006
3723,P009
3724,P019
3725,P034
3725,P023
3725,P015
3725,P038
3726,P030
3727,P040
3727,P022
3727,P028
3727,P029
3727,P030
3728,P027
3728,P024
3728,P032
3728,P021
3729,P025
3729,P002
3729,P012
3730,P015
3730,P017
3730,P042
3730,P005
3731,P006
3731,P019
3731,P033
3732,P035
3732,P042
3732,P006
3732,P018
3732,P015
3733,P008
3734,P024
3735,P035
3736,P022
3736,P013
3737,P017
3737,P020
3737,P048
3738,P013
3738,P046
3738,P039
3739,P049
3739,P046
3740,P017
3740,P001
3740,P050
3740,P020
3740,P019
3741,P026
3741,P038
3741,P049
3742,P031
3743,P049
3743,P010
3743,P026
3743,P015
3743,P047
3744,P031
3744,P015
3745,P038
3745,P036
3745,P049
3745,P030
3745,P047
3746,P022
3746,P006
3746,P021
3746,P013
3747,P050
3747,P045
3747,P027
3747,P014
3748,P029
3748,P036
3748,P002
3748,P024
3749,P037
3749,P009
3750,P048
3750,P001
3750,P032
3751,P022
3751,P015
3751,P027
3752,P044
3752,P049
3752,P026
3752,P050
3753,P020
3753,P021
3753,P038
3753,P002
3753,P037
3754,P009
3755,P022
3755,P037
3756,P039
3756,P037
3756,P026
3756,P025
3756,P014
3757,P005
3757,P035
3757,P025
3757,P013
3758,P007
3758,P022
3758,P037
3758,P029
3759,P006
3759,P011
3759,P007
3760,P012
3760,P003
3760,P045
3760,P039
3760,P032
3761,P012
3762,P005
3762,P025
3763,P014
3763,P015
3763,P019
3764,P005
3764,P030
3764,P004
3764,P024
3764,P034
3765,P011
3766,P027
3766,P026
3766,P011
3767,P009
3768,P027
3768,P031
3768,P048
3768,P005
3768,P025
3769,P009
3769,P014
3770,P028
3770,P046
3770,P043
3771,P011
3771,P039
3771,P037
3771,P020
3772,P013
3772,P033
3772,P046
3772,P044
3772,P030
3773,P013
3773,P001
3773,P010
3774,P005
3774,P026
3774,P039
3774,P016
3775,P022
3775,P037
3775,P032
3775,P030
3775,P003
3776,P019
3777,P023
3777,P045
3777,P046
3777,P020
3778,P040
3778,P012
3778,P027
3778,P016
3779,P040
3779,P047
3780,P030
3780,P025
3780,P043
3780,P012
3781,P007
3781,P026
3781,P045
3781,P003
3781,P016
3782,P018
3782,P041
3783,P019
3783,P043
3783,P005
3783,P045
3783,P047
3784,P032
3784,P027
3785,P008
3785,P024
3785,P005
3785,P049
3785,P007
3786,P050
3786,P021
3786,P027
3786,P029
3786,P011
3787,P014
3787,P033
3787,P003
3788,P002
3788,P005
3788,P041
3788,P045
3789,P025
3789,P022
3789,P048
3789,P026
3790,P026
3790,P003
3791,P017
3792,P046
3793,P021
3793,P043
3794,P032
3794,P030
3794,P005
3794,P006
3795,P043
3795,P016
3795,P046
3795,P029
3795,P009
3796,P018
3796,P011
3796,P002
3796,P039
3797,P012
3798,P008
3798,P035
3798,P048
3799,P011
3799,P005
3799,P043
3799,P049
3800,P044
3801,P010
3801,P029
3801,P023
3802,P014
3802,P046
3803,P044
3804,P014
3804,P029
3804,P045
3804,P004
3804,P041
3805,P042
3805,P043
3805,P046
3805,P007
3805,P025
3806,P029
3806,P004
3806,P039
3807,P004
3808,P050
3808,P013
3808,P016
3808,P024
3809,P013
3809,P006
3810,P027
3811,P001
3812,P013
3812,P044
3812,P043
3813,P015
3814,P043
3815,P047
3815,P011
3816,P027
3817,P007
3817,P021
3817,P036
3817,P041
3817,P013
3818,P014
3818,P035
3818,P026
3818,P028
3818,P008
3819,P014
3819,P007
3820,P021
3820,P012
3820,P001
3821,P042
3821,P021
3821,P001
3821,P025
3822,P030
3822,P015
3823,P043
3824,P042
3824,P040
3824,P024
3825,P005
3826,P027
3826,P020
3827,P032
3827,P007
3827,P046
3827,P035
3827,P037
3828,P017
3828,P007
3829,P021
3829,P041
3829,P045
3829,P025
3829,P044
3830,P022
3830,P012
3831,P043
3831,P031
3831,P005
3832,P002
3832,P039
3832,P038
3833,P025
3833,P033
3833,P041
3833,P048
3834,P033
3834,P038
3835,P015
3836,P040
3837,P020
3838,P048
3838,P028
3839,P040
3839,P006
3840,P009
3841,P032
3841,P019
3841,P013
3842,P025
3842,P014
3843,P016
3844,P029
3844,P048
3844,P022
3844,P009
3844,P018
3845,P042
3845,P049
3845,P003
3846,P027
3846,P042
3846,P019
3846,P049
3846,P002
3847,P047
3847,P022
3848,P016
3848,P014
3848,P035
3849,P043
3850,P044
3850,P045
3851,P039
3851,P025
3852,P021
3852,P012
3852,P029
3852,P041
3852,P001
3853,P032
3854,P013
3855,P041
3856,P014
3856,P009
3857,P012
3858,P036
3858,P014
3858,P016
3858,P033
3858,P006
3859,P047
3859,P030
3859,P020
3859,P011
3860,P016
3860,P028
3861,P039
3861,P016
3862,P019
3862,P037
3862,P029
3863,P018
3863,P031
3864,P024
3865,P025
3865,P011
3865,P031
3865,P029
3866,P033
3866,P040
3866,P048
3866,P028
3867,P031
3867,P002
3868,P028
3868,P006
3868,P049
3868,P020
3869,P035
3869,P010
3869,P036
3869,P047
3869,P012
3870,P025
3870,P030
3870,P020
3871,P019
3871,P025
3871,P036
3871,P039
3872,P005
3872,P022
3872,P009
3872,P046
3873,P013
3873,P010
3873,P001
3873,P033
3874,P032
3874,P026
3874,P027
3875,P048
3875,P024
3875,P025
3875,P032
3876,P042
3876,P038
3876,P005
3877,P003
3877,P008
3877,P025
3877,P037
3878,P013
3878,P049
3879,P017
3879,P050
3879,P049
3879,P047
3880,P033
3880,P046
3880,P032
3881,P045
3881,P004
3881,P042
3882,P028
3882,P048
3882,P016
3882,P031
3883,P024
3884,P045
3885,P017
3885,P039
3886,P044
3886,P010
3886,P017
3886,P016
3887,P038
3887,P043
3887,P011
3887,P001
3887,P008
3888,P042
3889,P026
3889,P046
3889,P038
3889,P006
3890,P013
3890,P028
3890,P011
3890,P017
3890,P045
3891,P033
3891,P035
3891,P043
3892,P038
3892,P020
3892,P047
3892,P027
3893,P007
3894,P050
3894,P023
3894,P010
3894,P018
3894,P048
3895,P048
3895,P026
3896,P001
3896,P011
3896,P032
3897,P007
3898,P050
3899,P034
3899,P027
3899,P042
3899,P019
3900,P011
3900,P012
3900,P024
3900,P046
3901,P013
3901,P032
3902,P033
3902,P008
3903,P037
3903,P014
3903,P012
3903,P013
3904,P048
3905,P049
3905,P013
3906,P027
3906,P029
3906,P041
3907,P007
3907,P041
3907,P011
3907,P006
3907,P019
3908,P025
3909,P018
3910,P022
3911,P038
3912,P031
3912,P032
3913,P001
3914,P018
3915,P043
3916,P003
3916,P007
3916,P014
3916,P034
3916,P001
3917,P039
3917,P034
3917,P049
3917,P018
3918,P031
3918,P049
3918,P022
3918,P039
3919,P022
3919,P024
3919,P044
3919,P021
3920,P024
3920,P043
3921,P025
3921,P040
3921,P004
3921,P023
3922,P007
3922,P001
3922,P030
3923,P047
3923,P009
3923,P002
3923,P039
3924,P034
3925,P045
3925,P049
3925,P016
3926,P029
3926,P040
3926,P044
3927,P033
3927,P027
3927,P043
3927,P013
3928,P041
3929,P002
3929,P041
3929,P024
3930,P048
3931,P044
3931,P029
3931,P015
3932,P032
3932,P026
3932,P048
3932,P040
3932,P006
3933,P028
3933,P031
3933,P043
3934,P047
3935,P019
3935,P039
3935,P013
3935,P046
3936,P034
3936,P037
3937,P003
3937,P009
3937,P032
3937,P006
3937,P020
3938,P030
3938,P011
3938,P029
3938,P008
3938,P031
3939,P016
3939,P014
3939,P011
3939,P049
3939,P043
3940,P007
3941,P046
3941,P002
3941,P011
3941,P021
3942,P050
3942,P018
3942,P015
3942,P047
3943,P043
3943,P031
3943,P008
3944,P035
3944,P041
3945,P006
3945,P045
3945,P022
3945,P015
3946,P050
3946,P039
3946,P005
3946,P042
3946,P022
3947,P046
3947,P048
3947,P047
3947,P025
3948,P028
3948,P015
3948,P017
3948,P008
3948,P019
3949,P008
3950,P022
3951,P013
3951,P048
3951,P008
3951,P037
3951,P024
3952,P021
3952,P025
3953,P048
3953,P001
3953,P020
3953,P004
3953,P038
3954,P013
3954,P025
3954,P028
3954,P021
3954,P050
3955,P044
3955,P009
3955,P034
3956,P038
3956,P015
3956,P007
3956,P026
3956,P001
3957,P030
3957,P021
3957,P010
3957,P019
3957,P015
3958,P044
3958,P030
3958,P010
3958,P039
3959,P010
3959,P048
3959,P043
3960,P039
3961,P020
3961,P033
3961,P045
3962,P018
3963,P031
3963,P041
3963,P014
3963,P032
3963,P019
3964,P004
3964,P022
3964,P010
3964,P046
3965,P047
3965,P015
3966,P050
3967,P032
3967,P047
3968,P020
3968,P043
3968,P011
3968,P002
3969,P026
3969,P022
3969,P028
3969,P044
3969,P031
3970,P049
3970,P026
3970,P005
3971,P047
3971,P019
3971,P045
3971,P013
3971,P036
3972,P007
3972,P009
3972,P021
3972,P049
3973,P004
3973,P046
3973,P020
3973,P030
3973,P042
3974,P037
3974,P009
3975,P045
3975,P031
3975,P019
3975,P010
3976,P014
3976,P048
3977,P048
3977,P042
3978,P024
3979,P007
3979,P044
3979,P010
3979,P025
3979,P028
3980,P004
3980,P007
3981,P031
3981,P012
3981,P004
3982,P033
3983,P038
3983,P028
3983,P010
3984,P016
3984,P003
3984,P008
3984,P026
3985,P020
3985,P045
3985,P039
3985,P012
3986,P050
3986,P045
3986,P043
3986,P006
3987,P042
3987,P025
3987,P018
3987,P041
3988,P024
3988,P001
3988,P008
3988,P006
3989,P032
3990,P015
3990,P002
3990,P038
3990,P037
3990,P031
3991,P045
3991,P048
3991,P007
3992,P012
3992,P025
3992,P031
3992,P042
3992,P045
3993,P020
3993,P037
3993,P009
3993,P007
3994,P005
3994,P046
3994,P035
3995,P026
3995,P045
3996,P026
3997,P035
3997,P034
3997,P032
3997,P005
3997,P038
3998,P046
3998,P042
3998,P008
3998,P049
3998,P014
3999,P012
